t,x,y,yaw,speed,target_y,steering,left_wheel,right_wheel
0.050,2.2997,-0.0000,-0.0001,0.0062,0.00,-0.0003,-0.0003,-0.0003
0.100,2.2987,-0.0001,-0.0002,0.0198,0.00,-0.0021,-0.0021,-0.0021
0.200,2.2968,-0.0001,0.0007,0.0198,0.00,-0.0046,-0.0046,-0.0046
0.350,2.2935,-0.0002,0.0025,0.0232,0.00,-0.0080,-0.0079,-0.0080
0.450,2.2910,-0.0002,0.0034,0.0248,0.00,-0.0096,-0.0096,-0.0097
0.550,2.2885,-0.0003,0.0042,0.0259,0.00,-0.0109,-0.0108,-0.0109
0.600,2.2871,-0.0003,0.0045,0.0264,0.00,-0.0113,-0.0113,-0.0114
0.700,2.2844,-0.0003,0.0049,0.0271,0.00,-0.0121,-0.0120,-0.0122
0.800,2.2817,-0.0003,0.0052,0.0277,0.00,-0.0126,-0.0125,-0.0127
0.900,2.2789,-0.0003,0.0054,0.0281,0.00,-0.0129,-0.0128,-0.0130
1.000,2.2760,-0.0003,0.0055,0.0284,0.00,-0.0131,-0.0130,-0.0131
1.100,2.2732,-0.0003,0.0056,0.0286,0.00,-0.0131,-0.0131,-0.0132
1.200,2.2703,-0.0003,0.0055,0.0288,0.00,-0.0131,-0.0130,-0.0132
1.300,2.2674,-0.0003,0.0055,0.0289,0.00,-0.0130,-0.0130,-0.0131
1.400,2.2645,-0.0003,0.0054,0.0290,0.00,-0.0129,-0.0129,-0.0130
1.500,2.2616,-0.0003,0.0053,0.0291,0.00,-0.0128,-0.0127,-0.0129
1.600,2.2587,-0.0003,0.0052,0.0291,0.00,-0.0126,-0.0125,-0.0127
1.700,2.2558,-0.0003,0.0051,0.0291,0.00,-0.0124,-0.0123,-0.0125
1.800,2.2529,-0.0003,0.0050,0.0292,0.00,-0.0122,-0.0121,-0.0123
1.900,2.2500,-0.0003,0.0048,0.0292,0.00,-0.0120,-0.0119,-0.0120
2.000,2.2470,-0.0003,0.0047,0.0292,0.00,-0.0118,-0.0117,-0.0118
2.100,2.2441,-0.0003,0.0045,0.0292,0.00,-0.0115,-0.0115,-0.0116
2.250,2.2397,-0.0003,0.0043,0.0292,0.00,-0.0111,-0.0111,-0.0112
2.350,2.2368,-0.0003,0.0042,0.0292,0.00,-0.0109,-0.0108,-0.0110
2.450,2.2339,-0.0003,0.0040,0.0292,0.00,-0.0106,-0.0106,-0.0107
2.550,2.2310,-0.0003,0.0039,0.0292,0.00,-0.0104,-0.0103,-0.0104
2.650,2.2280,-0.0002,0.0037,0.0292,0.00,-0.0101,-0.0101,-0.0102
2.750,2.2251,-0.0002,0.0036,0.0292,0.00,-0.0099,-0.0098,-0.0099
2.850,2.2222,-0.0002,0.0034,0.0292,0.00,-0.0096,-0.0096,-0.0097
2.950,2.2193,-0.0002,0.0033,0.0293,0.00,-0.0094,-0.0093,-0.0094
3.050,2.2163,-0.0002,0.0032,0.0293,0.00,-0.0091,-0.0091,-0.0091
3.150,2.2134,-0.0002,0.0030,0.0293,0.00,-0.0088,-0.0088,-0.0089
3.250,2.2105,-0.0002,0.0029,0.0293,0.00,-0.0086,-0.0085,-0.0086
3.350,2.2076,-0.0002,0.0027,0.0293,0.00,-0.0083,-0.0083,-0.0084
3.450,2.2046,-0.0002,0.0026,0.0293,0.00,-0.0081,-0.0080,-0.0081
3.550,2.2017,-0.0002,0.0024,0.0293,0.00,-0.0078,-0.0078,-0.0078
3.650,2.1988,-0.0002,0.0023,0.0293,0.00,-0.0075,-0.0075,-0.0076
3.750,2.1959,-0.0002,0.0022,0.0293,0.00,-0.0073,-0.0073,-0.0073
3.850,2.1929,-0.0002,0.0020,0.0293,0.00,-0.0070,-0.0070,-0.0071
3.950,2.1900,-0.0002,0.0019,0.0293,0.00,-0.0068,-0.0068,-0.0068
4.050,2.1871,-0.0002,0.0018,0.0293,0.00,-0.0065,-0.0065,-0.0065
4.150,2.1842,-0.0002,0.0016,0.0293,0.00,-0.0063,-0.0062,-0.0063
4.250,2.1812,-0.0002,0.0015,0.0292,0.00,-0.0060,-0.0060,-0.0060
4.350,2.1783,-0.0002,0.0014,0.0292,0.00,-0.0058,-0.0057,-0.0058
4.450,2.1754,-0.0002,0.0013,0.0292,0.00,-0.0055,-0.0055,-0.0055
4.550,2.1725,-0.0002,0.0011,0.0292,0.00,-0.0053,-0.0053,-0.0053
4.650,2.1695,-0.0002,0.0010,0.0292,0.00,-0.0050,-0.0050,-0.0050
4.750,2.1666,-0.0002,0.0009,0.0292,0.00,-0.0048,-0.0048,-0.0048
4.850,2.1637,-0.0001,0.0008,0.0292,0.00,-0.0046,-0.0046,-0.0046
4.950,2.1608,-0.0001,0.0007,0.0292,0.00,-0.0043,-0.0043,-0.0043
5.050,2.1579,-0.0001,0.0006,0.0292,0.00,-0.0041,-0.0041,-0.0041
5.150,2.1549,-0.0001,0.0004,0.0292,0.00,-0.0039,-0.0039,-0.0039
5.250,2.1520,-0.0001,0.0003,0.0292,0.00,-0.0037,-0.0037,-0.0037
5.350,2.1491,-0.0001,0.0002,0.0292,0.00,-0.0034,-0.0034,-0.0034
5.450,2.1462,-0.0001,0.0001,0.0292,0.00,-0.0032,-0.0032,-0.0032
5.550,2.1432,-0.0001,0.0000,0.0292,0.00,-0.0030,-0.0030,-0.0030
5.650,2.1403,-0.0001,-0.0001,0.0292,0.00,-0.0028,-0.0028,-0.0028
5.750,2.1374,-0.0001,-0.0001,0.0292,0.00,-0.0026,-0.0026,-0.0026
5.850,2.1345,-0.0001,-0.0002,0.0292,0.00,-0.0024,-0.0024,-0.0024
5.950,2.1316,-0.0001,-0.0003,0.0292,0.00,-0.0022,-0.0022,-0.0022
6.050,2.1286,-0.0001,-0.0004,0.0292,0.00,-0.0020,-0.0020,-0.0020
6.150,2.1257,-0.0001,-0.0005,0.0292,0.00,-0.0018,-0.0018,-0.0018
6.250,2.1228,-0.0001,-0.0006,0.0292,0.00,-0.0016,-0.0016,-0.0016
6.350,2.1199,-0.0001,-0.0007,0.0292,0.00,-0.0014,-0.0014,-0.0014
6.450,2.1170,-0.0001,-0.0007,0.0292,0.00,-0.0013,-0.0013,-0.0013
6.550,2.1140,-0.0001,-0.0008,0.0292,0.00,-0.0011,-0.0011,-0.0011
6.650,2.1111,-0.0001,-0.0009,0.0292,0.00,-0.0009,-0.0009,-0.0009
6.750,2.1082,-0.0001,-0.0009,0.0292,0.00,-0.0007,-0.0007,-0.0007
6.850,2.1053,-0.0001,-0.0010,0.0292,0.00,-0.0006,-0.0006,-0.0006
6.950,2.1023,-0.0001,-0.0011,0.0292,0.00,-0.0004,-0.0004,-0.0004
7.050,2.0994,-0.0001,-0.0011,0.0292,0.00,-0.0003,-0.0003,-0.0003
7.150,2.0965,-0.0001,-0.0012,0.0292,0.00,-0.0001,-0.0001,-0.0001
7.250,2.0936,-0.0000,-0.0013,0.0292,0.00,0.0000,0.0000,0.0000
7.350,2.0907,-0.0000,-0.0013,0.0292,0.00,0.0002,0.0002,0.0002
7.450,2.0877,-0.0000,-0.0014,0.0292,0.00,0.0003,0.0003,0.0003
7.550,2.0848,-0.0000,-0.0014,0.0292,0.00,0.0005,0.0005,0.0005
7.650,2.0819,-0.0000,-0.0015,0.0292,0.00,0.0006,0.0006,0.0006
7.750,2.0790,-0.0000,-0.0015,0.0292,0.00,0.0007,0.0007,0.0007
7.850,2.0760,-0.0000,-0.0015,0.0292,0.00,0.0009,0.0009,0.0009
7.950,2.0731,-0.0000,-0.0016,0.0292,0.00,0.0010,0.0010,0.0010
8.050,2.0702,-0.0000,-0.0016,0.0292,0.00,0.0011,0.0011,0.0011
8.150,2.0673,-0.0000,-0.0016,0.0292,0.00,0.0012,0.0012,0.0012
8.250,2.0643,-0.0000,-0.0017,0.0292,0.00,0.0013,0.0013,0.0013
8.350,2.0614,-0.0000,-0.0017,0.0292,0.00,0.0014,0.0014,0.0014
8.450,2.0585,-0.0000,-0.0017,0.0292,0.00,0.0015,0.0015,0.0015
8.500,2.0570,-0.0000,-0.0017,0.0292,0.00,0.0016,0.0016,0.0016
8.600,2.0541,-0.0000,-0.0018,0.0292,0.00,0.0017,0.0017,0.0017
8.700,2.0512,-0.0000,-0.0018,0.0292,0.00,0.0018,0.0018,0.0018
8.800,2.0482,0.0000,-0.0018,0.0293,0.00,0.0019,0.0019,0.0019
8.900,2.0453,0.0000,-0.0018,0.0293,0.00,0.0020,0.0020,0.0020
9.000,2.0424,0.0000,-0.0018,0.0293,0.00,0.0020,0.0020,0.0020
9.100,2.0395,0.0000,-0.0019,0.0293,0.00,0.0021,0.0021,0.0021
9.200,2.0365,0.0000,-0.0019,0.0293,0.00,0.0022,0.0022,0.0022
9.300,2.0336,0.0000,-0.0019,0.0293,0.00,0.0023,0.0023,0.0023
9.400,2.0307,0.0000,-0.0019,0.0293,0.00,0.0023,0.0023,0.0023
9.500,2.0278,0.0000,-0.0019,0.0293,0.00,0.0024,0.0024,0.0024
9.600,2.0248,0.0000,-0.0019,0.0293,0.00,0.0024,0.0024,0.0024
9.700,2.0219,0.0000,-0.0019,0.0293,0.00,0.0025,0.0025,0.0025
9.800,2.0190,0.0000,-0.0019,0.0293,0.00,0.0025,0.0025,0.0025
9.900,2.0161,0.0000,-0.0019,0.0293,0.00,0.0026,0.0026,0.0026
10.000,2.0131,0.0000,-0.0019,0.0293,0.00,0.0026,0.0026,0.0026
10.100,2.0102,0.0000,-0.0019,0.0293,0.00,0.0027,0.0027,0.0027
10.200,2.0073,0.0000,-0.0019,0.0293,0.00,0.0027,0.0027,0.0027
10.300,2.0044,0.0000,-0.0019,0.0293,0.00,0.0027,0.0027,0.0027
10.400,2.0014,0.0000,-0.0019,0.0293,0.00,0.0028,0.0028,0.0028
10.500,1.9985,0.0000,-0.0019,0.0293,0.00,0.0028,0.0028,0.0028
10.600,1.9956,0.0000,-0.0018,0.0293,0.00,0.0028,0.0028,0.0028
10.700,1.9927,0.0000,-0.0018,0.0293,0.00,0.0028,0.0028,0.0028
10.800,1.9897,0.0000,-0.0018,0.0293,0.00,0.0029,0.0029,0.0029
10.900,1.9868,0.0000,-0.0018,0.0293,0.00,0.0029,0.0029,0.0029
11.000,1.9839,0.0000,-0.0018,0.0293,0.00,0.0029,0.0029,0.0029
11.100,1.9810,0.0000,-0.0018,0.0293,0.00,0.0029,0.0029,0.0029
11.200,1.9780,0.0000,-0.0017,0.0293,0.00,0.0029,0.0029,0.0029
11.300,1.9751,0.0000,-0.0017,0.0293,0.00,0.0029,0.0029,0.0029
11.400,1.9722,0.0000,-0.0017,0.0293,0.00,0.0029,0.0029,0.0029
11.500,1.9693,0.0000,-0.0017,0.0293,0.00,0.0029,0.0029,0.0029
11.600,1.9663,0.0000,-0.0017,0.0293,0.00,0.0029,0.0029,0.0029
11.700,1.9634,0.0000,-0.0016,0.0293,0.00,0.0029,0.0029,0.0029
11.800,1.9605,0.0000,-0.0016,0.0293,0.00,0.0029,0.0029,0.0029
11.900,1.9576,0.0000,-0.0016,0.0293,0.00,0.0029,0.0029,0.0029
12.000,1.9546,0.0000,-0.0016,0.0293,0.00,0.0029,0.0029,0.0028
12.100,1.9517,0.0000,-0.0015,0.0293,0.00,0.0028,0.0028,0.0028
12.200,1.9488,0.0001,-0.0015,0.0293,0.00,0.0028,0.0028,0.0028
12.300,1.9459,0.0001,-0.0015,0.0293,0.00,0.0028,0.0028,0.0028
12.400,1.9429,0.0001,-0.0015,0.0293,0.00,0.0028,0.0028,0.0028
12.500,1.9400,0.0001,-0.0014,0.0293,0.00,0.0028,0.0028,0.0027
12.600,1.9371,0.0001,-0.0014,0.0293,0.00,0.0027,0.0027,0.0027
12.700,1.9342,0.0001,-0.0014,0.0293,0.00,0.0027,0.0027,0.0027
12.800,1.9312,0.0001,-0.0013,0.0293,0.00,0.0027,0.0027,0.0027
12.900,1.9283,0.0001,-0.0013,0.0293,0.00,0.0026,0.0026,0.0026
13.000,1.9254,0.0001,-0.0013,0.0293,0.00,0.0026,0.0026,0.0026
13.100,1.9225,0.0001,-0.0012,0.0293,0.00,0.0026,0.0026,0.0026
13.200,1.9195,0.0001,-0.0012,0.0292,0.00,0.0025,0.0025,0.0025
13.300,1.9166,0.0001,-0.0012,0.0292,0.00,0.0025,0.0025,0.0025
13.400,1.9137,0.0000,-0.0011,0.0292,0.00,0.0024,0.0024,0.0024
13.500,1.9108,0.0000,-0.0011,0.0293,0.00,0.0024,0.0024,0.0024
13.600,1.9078,0.0000,-0.0010,0.0293,0.00,0.0023,0.0023,0.0023
13.700,1.9049,0.0000,-0.0010,0.0293,0.00,0.0023,0.0023,0.0023
13.800,1.9020,0.0000,-0.0010,0.0292,0.00,0.0022,0.0022,0.0022
13.900,1.8991,0.0000,-0.0009,0.0293,0.00,0.0021,0.0021,0.0021
14.000,1.8961,0.0000,-0.0009,0.0293,0.00,0.0021,0.0021,0.0021
14.100,1.8932,0.0000,-0.0009,0.0293,0.00,0.0020,0.0020,0.0020
14.200,1.8903,0.0000,-0.0008,0.0293,0.00,0.0020,0.0020,0.0020
14.300,1.8874,0.0000,-0.0008,0.0293,0.00,0.0019,0.0019,0.0019
14.400,1.8844,0.0000,-0.0007,0.0293,0.00,0.0019,0.0019,0.0019
14.500,1.8815,0.0000,-0.0007,0.0293,0.00,0.0018,0.0018,0.0018
14.600,1.8786,0.0000,-0.0007,0.0293,0.00,0.0017,0.0017,0.0017
14.700,1.8757,0.0000,-0.0006,0.0293,0.00,0.0017,0.0017,0.0017
14.800,1.8727,0.0000,-0.0006,0.0293,0.00,0.0016,0.0016,0.0016
14.900,1.8698,0.0000,-0.0006,0.0293,0.00,0.0016,0.0016,0.0016
15.000,1.8669,0.0000,-0.0005,0.0293,0.00,0.0015,0.0015,0.0015
15.100,1.8639,0.0000,-0.0005,0.0293,0.00,0.0015,0.0015,0.0015
15.200,1.8610,0.0000,-0.0005,0.0293,0.00,0.0014,0.0014,0.0014
15.300,1.8581,0.0000,-0.0004,0.0293,0.00,0.0014,0.0014,0.0014
15.400,1.8552,0.0000,-0.0004,0.0293,0.00,0.0013,0.0013,0.0013
15.500,1.8522,0.0000,-0.0004,0.0293,0.00,0.0013,0.0013,0.0013
15.600,1.8493,0.0000,-0.0003,0.0293,0.00,0.0012,0.0012,0.0012
15.700,1.8464,0.0000,-0.0003,0.0293,0.00,0.0012,0.0012,0.0012
15.800,1.8435,0.0000,-0.0003,0.0293,0.00,0.0011,0.0011,0.0011
15.900,1.8405,0.0000,-0.0003,0.0293,0.00,0.0011,0.0011,0.0011
16.000,1.8376,0.0000,-0.0002,0.0293,0.00,0.0010,0.0010,0.0010
16.100,1.8347,0.0000,-0.0002,0.0293,0.00,0.0010,0.0010,0.0010
16.200,1.8318,0.0000,-0.0002,0.0293,0.00,0.0009,0.0009,0.0009
16.300,1.8288,0.0000,-0.0002,0.0293,0.00,0.0009,0.0009,0.0009
16.400,1.8259,0.0000,-0.0001,0.0293,0.00,0.0009,0.0009,0.0009
16.500,1.8230,0.0000,-0.0001,0.0293,0.00,0.0008,0.0008,0.0008
16.600,1.8200,0.0000,-0.0001,0.0293,0.00,0.0008,0.0008,0.0008
16.700,1.8171,0.0000,-0.0001,0.0293,0.00,0.0007,0.0007,0.0007
16.800,1.8142,0.0000,-0.0000,0.0293,0.00,0.0007,0.0007,0.0007
16.900,1.8113,0.0000,-0.0000,0.0293,0.00,0.0006,0.0006,0.0006
17.000,1.8083,0.0000,-0.0000,0.0293,0.00,0.0006,0.0006,0.0006
17.100,1.8054,0.0000,0.0000,0.0293,0.00,0.0005,0.0005,0.0005
17.200,1.8025,0.0000,0.0000,0.0293,0.00,0.0005,0.0005,0.0005
17.300,1.7996,0.0000,0.0001,0.0293,0.00,0.0004,0.0004,0.0004
17.400,1.7966,0.0000,0.0001,0.0293,0.00,0.0004,0.0004,0.0004
17.500,1.7937,0.0000,0.0001,0.0293,0.00,0.0004,0.0004,0.0004
17.600,1.7908,0.0000,0.0001,0.0293,0.00,0.0003,0.0003,0.0003
17.700,1.7879,0.0000,0.0001,0.0293,0.00,0.0003,0.0003,0.0003
17.800,1.7849,0.0000,0.0001,0.0293,0.00,0.0002,0.0002,0.0002
17.900,1.7820,0.0000,0.0001,0.0293,0.00,0.0002,0.0002,0.0002
18.000,1.7791,0.0000,0.0001,0.0293,0.00,0.0002,0.0002,0.0002
18.100,1.7762,0.0000,0.0002,0.0293,0.00,0.0001,0.0001,0.0001
18.200,1.7732,0.0000,0.0002,0.0293,0.00,0.0001,0.0001,0.0001
18.300,1.7703,0.0000,0.0002,0.0293,0.00,0.0001,0.0001,0.0001
18.400,1.7674,0.0000,0.0002,0.0293,0.00,0.0000,0.0000,0.0000
18.500,1.7645,0.0000,0.0002,0.0293,0.00,0.0000,0.0000,0.0000
18.600,1.7615,0.0000,0.0002,0.0293,0.00,-0.0000,-0.0000,-0.0000
18.700,1.7586,0.0000,0.0002,0.0293,0.00,-0.0001,-0.0001,-0.0001
18.800,1.7557,0.0000,0.0002,0.0293,0.00,-0.0001,-0.0001,-0.0001
18.900,1.7527,0.0000,0.0002,0.0293,0.00,-0.0001,-0.0001,-0.0001
19.000,1.7498,0.0000,0.0002,0.0293,0.00,-0.0001,-0.0001,-0.0001
19.100,1.7469,0.0000,0.0002,0.0293,0.00,-0.0002,-0.0002,-0.0002
19.200,1.7440,0.0000,0.0002,0.0293,0.00,-0.0002,-0.0002,-0.0002
19.300,1.7410,0.0000,0.0002,0.0293,0.00,-0.0002,-0.0002,-0.0002
19.400,1.7381,0.0000,0.0002,0.0293,0.00,-0.0002,-0.0002,-0.0002
19.500,1.7352,-0.0000,0.0002,0.0293,0.00,-0.0002,-0.0002,-0.0002
19.600,1.7323,-0.0000,0.0002,0.0293,0.00,-0.0003,-0.0003,-0.0003
19.700,1.7293,-0.0000,0.0002,0.0293,0.00,-0.0003,-0.0003,-0.0003
19.800,1.7264,-0.0000,0.0002,0.0293,0.00,-0.0003,-0.0003,-0.0003
19.900,1.7235,-0.0000,0.0003,0.0293,0.00,-0.0004,-0.0004,-0.0004
20.000,1.7206,-0.0000,0.0003,0.0293,0.00,-0.0004,-0.0004,-0.0004
20.100,1.7176,-0.0000,0.0003,0.0293,0.00,-0.0004,-0.0004,-0.0004
20.200,1.7147,-0.0000,0.0003,0.0293,0.00,-0.0004,-0.0004,-0.0004
20.300,1.7118,-0.0000,0.0003,0.0293,0.00,-0.0005,-0.0005,-0.0005
20.400,1.7088,-0.0000,0.0003,0.0293,0.00,-0.0005,-0.0005,-0.0005
20.500,1.7059,-0.0000,0.0003,0.0293,0.00,-0.0005,-0.0005,-0.0005
20.600,1.7030,-0.0000,0.0003,0.0293,0.00,-0.0005,-0.0005,-0.0005
20.700,1.7001,-0.0000,0.0002,0.0293,0.00,-0.0005,-0.0005,-0.0005
20.800,1.6971,-0.0000,0.0002,0.0293,0.00,-0.0006,-0.0006,-0.0006
20.900,1.6942,-0.0000,0.0002,0.0293,0.00,-0.0006,-0.0006,-0.0006
21.000,1.6913,-0.0000,0.0002,0.0293,0.00,-0.0006,-0.0006,-0.0006
21.100,1.6884,-0.0000,0.0002,0.0293,0.00,-0.0006,-0.0006,-0.0006
21.200,1.6854,-0.0000,0.0002,0.0293,0.00,-0.0006,-0.0006,-0.0006
21.300,1.6825,-0.0000,0.0002,0.0293,0.00,-0.0006,-0.0006,-0.0006
21.400,1.6796,-0.0000,0.0002,0.0293,0.00,-0.0006,-0.0006,-0.0006
21.500,1.6766,-0.0000,0.0002,0.0293,0.00,-0.0006,-0.0006,-0.0006
21.600,1.6737,-0.0000,0.0002,0.0293,0.00,-0.0006,-0.0006,-0.0006
21.700,1.6708,-0.0000,0.0002,0.0293,0.00,-0.0007,-0.0007,-0.0007
21.800,1.6679,-0.0000,0.0002,0.0293,0.00,-0.0007,-0.0007,-0.0007
21.900,1.6649,-0.0000,0.0002,0.0293,0.00,-0.0007,-0.0007,-0.0007
22.000,1.6620,-0.0000,0.0002,0.0293,0.20,-0.5236,-0.4283,-0.6656
22.100,1.6588,-0.0000,0.0115,0.0318,0.20,-0.5236,-0.4283,-0.6656
22.200,1.6550,-0.0006,0.0346,0.0428,0.20,-0.5236,-0.4283,-0.6656
22.300,1.6495,0.0000,0.0478,0.0595,0.20,-0.5236,-0.4283,-0.6656
22.400,1.6445,0.0018,0.0397,0.0451,0.20,-0.5236,-0.4283,-0.6656
22.500,1.6410,0.0027,0.0265,0.0352,0.20,-0.5236,-0.4283,-0.6656
22.600,1.6378,0.0036,0.0152,0.0329,0.20,-0.5236,-0.4283,-0.6656
22.700,1.6348,0.0046,0.0057,0.0313,0.20,-0.5236,-0.4283,-0.6656
22.800,1.6320,0.0056,-0.0024,0.0297,0.20,-0.5236,-0.4283,-0.6656
22.900,1.6293,0.0066,-0.0106,0.0288,0.20,-0.5236,-0.4283,-0.6656
23.000,1.6266,0.0076,-0.0185,0.0287,0.20,-0.5236,-0.4283,-0.6656
23.100,1.6239,0.0087,-0.0263,0.0288,0.20,-0.5236,-0.4283,-0.6656
23.200,1.6212,0.0097,-0.0341,0.0288,0.20,-0.5236,-0.4283,-0.6656
23.300,1.6185,0.0108,-0.0419,0.0288,0.20,-0.5236,-0.4283,-0.6656
23.400,1.6159,0.0119,-0.0497,0.0288,0.20,-0.5236,-0.4283,-0.6656
23.500,1.6132,0.0130,-0.0575,0.0288,0.20,-0.5236,-0.4283,-0.6656
23.600,1.6106,0.0141,-0.0653,0.0288,0.20,-0.5236,-0.4283,-0.6656
23.700,1.6079,0.0153,-0.0731,0.0288,0.20,-0.5236,-0.4283,-0.6656
23.800,1.6053,0.0165,-0.0810,0.0288,0.20,-0.5236,-0.4283,-0.6656
23.900,1.6027,0.0177,-0.0888,0.0288,0.20,-0.5236,-0.4283,-0.6656
24.000,1.6000,0.0189,-0.0966,0.0288,0.20,-0.5236,-0.4283,-0.6656
24.100,1.5974,0.0201,-0.1045,0.0288,0.20,-0.5236,-0.4283,-0.6656
24.200,1.5949,0.0214,-0.1123,0.0288,0.20,-0.5236,-0.4283,-0.6656
24.300,1.5923,0.0226,-0.1206,0.0284,0.20,-0.5236,-0.4283,-0.6656
24.400,1.5898,0.0239,-0.1288,0.0283,0.20,-0.5236,-0.4283,-0.6656
24.500,1.5873,0.0253,-0.1370,0.0283,0.20,-0.5236,-0.4283,-0.6656
24.600,1.5848,0.0266,-0.1453,0.0283,0.20,-0.5236,-0.4283,-0.6656
24.700,1.5823,0.0280,-0.1535,0.0283,0.20,-0.5236,-0.4283,-0.6656
24.800,1.5799,0.0293,-0.1618,0.0283,0.20,-0.5236,-0.4283,-0.6656
24.900,1.5774,0.0307,-0.1700,0.0283,0.20,-0.5236,-0.4283,-0.6656
25.000,1.5749,0.0322,-0.1783,0.0283,0.20,-0.5236,-0.4283,-0.6656
25.100,1.5725,0.0336,-0.1866,0.0283,0.20,-0.5236,-0.4283,-0.6656
25.200,1.5701,0.0351,-0.1948,0.0283,0.20,-0.5236,-0.4283,-0.6656
25.300,1.5677,0.0365,-0.2031,0.0283,0.20,-0.5236,-0.4283,-0.6656
25.400,1.5653,0.0380,-0.2113,0.0283,0.20,-0.5236,-0.4283,-0.6656
25.500,1.5629,0.0396,-0.2196,0.0283,0.20,-0.5236,-0.4283,-0.6656
25.600,1.5605,0.0411,-0.2279,0.0283,0.20,-0.5236,-0.4283,-0.6656
25.700,1.5581,0.0426,-0.2361,0.0283,0.20,-0.5236,-0.4283,-0.6656
25.800,1.5558,0.0442,-0.2444,0.0283,0.20,-0.5236,-0.4283,-0.6656
25.900,1.5535,0.0458,-0.2526,0.0283,0.20,-0.5236,-0.4283,-0.6656
26.000,1.5511,0.0474,-0.2609,0.0283,0.20,-0.5236,-0.4283,-0.6656
26.100,1.5488,0.0491,-0.2691,0.0283,0.20,-0.5236,-0.4283,-0.6656
26.200,1.5465,0.0507,-0.2774,0.0283,0.20,-0.5236,-0.4283,-0.6656
26.300,1.5442,0.0524,-0.2856,0.0283,0.20,-0.5236,-0.4283,-0.6656
26.400,1.5420,0.0541,-0.2938,0.0283,0.20,-0.5236,-0.4283,-0.6656
26.500,1.5397,0.0558,-0.3021,0.0283,0.20,-0.5236,-0.4283,-0.6656
26.600,1.5375,0.0575,-0.3103,0.0283,0.20,-0.5236,-0.4283,-0.6656
26.700,1.5352,0.0593,-0.3186,0.0283,0.20,-0.5236,-0.4283,-0.6656
26.800,1.5330,0.0610,-0.3268,0.0283,0.20,-0.5236,-0.4283,-0.6656
26.900,1.5308,0.0628,-0.3350,0.0283,0.20,-0.5236,-0.4283,-0.6656
27.000,1.5286,0.0646,-0.3432,0.0283,0.20,-0.5236,-0.4283,-0.6656
27.100,1.5265,0.0664,-0.3515,0.0283,0.20,-0.5236,-0.4283,-0.6656
27.200,1.5243,0.0683,-0.3597,0.0283,0.20,-0.5236,-0.4283,-0.6656
27.300,1.5222,0.0701,-0.3679,0.0283,0.20,-0.5236,-0.4283,-0.6656
27.400,1.5200,0.0720,-0.3761,0.0283,0.20,-0.5236,-0.4283,-0.6656
27.500,1.5179,0.0739,-0.3843,0.0283,0.20,-0.5236,-0.4283,-0.6656
27.600,1.5158,0.0758,-0.3926,0.0283,0.20,-0.5236,-0.4283,-0.6656
27.700,1.5138,0.0777,-0.4008,0.0284,0.20,-0.5236,-0.4283,-0.6656
27.800,1.5117,0.0797,-0.4090,0.0284,0.20,-0.5236,-0.4283,-0.6656
27.900,1.5096,0.0816,-0.4172,0.0284,0.20,-0.5236,-0.4283,-0.6656
28.000,1.5076,0.0836,-0.4254,0.0284,0.20,-0.5236,-0.4283,-0.6656
28.100,1.5056,0.0856,-0.4336,0.0284,0.20,-0.5236,-0.4283,-0.6656
28.200,1.5036,0.0876,-0.4418,0.0284,0.20,-0.5236,-0.4283,-0.6656
28.300,1.5016,0.0896,-0.4500,0.0284,0.20,-0.5236,-0.4283,-0.6656
28.400,1.4996,0.0917,-0.4582,0.0284,0.20,-0.5236,-0.4283,-0.6656
28.500,1.4977,0.0937,-0.4664,0.0284,0.20,-0.5236,-0.4283,-0.6656
28.600,1.4957,0.0958,-0.4746,0.0284,0.20,-0.5236,-0.4283,-0.6656
28.700,1.4938,0.0979,-0.4828,0.0284,0.20,-0.5236,-0.4283,-0.6656
28.800,1.4919,0.1000,-0.4910,0.0284,0.20,-0.5236,-0.4283,-0.6656
28.900,1.4900,0.1021,-0.4992,0.0284,0.20,-0.5236,-0.4283,-0.6656
29.000,1.4882,0.1043,-0.5074,0.0284,0.20,-0.5236,-0.4283,-0.6656
29.100,1.4863,0.1064,-0.5156,0.0284,0.20,-0.5236,-0.4283,-0.6656
29.200,1.4845,0.1086,-0.5238,0.0284,0.20,-0.5236,-0.4283,-0.6656
29.300,1.4827,0.1108,-0.5320,0.0284,0.20,-0.5236,-0.4283,-0.6656
29.400,1.4809,0.1130,-0.5402,0.0284,0.20,-0.5236,-0.4283,-0.6656
29.500,1.4791,0.1152,-0.5484,0.0284,0.20,-0.5236,-0.4283,-0.6656
29.600,1.4773,0.1174,-0.5565,0.0284,0.20,-0.5236,-0.4283,-0.6656
29.700,1.4756,0.1196,-0.5647,0.0284,0.20,-0.5236,-0.4283,-0.6656
29.800,1.4739,0.1219,-0.5729,0.0284,0.20,-0.5236,-0.4283,-0.6656
29.900,1.4722,0.1242,-0.5811,0.0284,0.20,-0.5135,-0.4213,-0.6502
30.000,1.4706,0.1261,-0.5915,0.0248,0.20,-0.4934,-0.4073,-0.6199
30.100,1.4690,0.1280,-0.6025,0.0242,0.20,-0.4721,-0.3923,-0.5879
30.200,1.4675,0.1299,-0.6134,0.0243,0.20,-0.4503,-0.3768,-0.5557
30.300,1.4659,0.1317,-0.6240,0.0244,0.20,-0.4283,-0.3610,-0.5236
30.400,1.4643,0.1336,-0.6347,0.0246,0.20,-0.4057,-0.3446,-0.4912
30.500,1.4627,0.1354,-0.6456,0.0246,0.20,-0.3824,-0.3274,-0.4581
30.600,1.4610,0.1373,-0.6564,0.0248,0.20,-0.3587,-0.3097,-0.4251
30.700,1.4594,0.1391,-0.6669,0.0249,0.20,-0.3347,-0.2914,-0.3923
30.800,1.4577,0.1410,-0.6772,0.0251,0.20,-0.3102,-0.2725,-0.3594
30.900,1.4560,0.1429,-0.6870,0.0250,0.20,-0.2858,-0.2534,-0.3273
31.000,1.4544,0.1447,-0.6961,0.0251,0.20,-0.2613,-0.2338,-0.2958
31.100,1.4527,0.1466,-0.7049,0.0253,0.20,-0.2364,-0.2136,-0.2644
31.200,1.4509,0.1484,-0.7137,0.0258,0.20,-0.2105,-0.1922,-0.2325
31.300,1.4491,0.1503,-0.7229,0.0259,0.20,-0.1836,-0.1695,-0.2003
31.400,1.4473,0.1522,-0.7317,0.0262,0.20,-0.1562,-0.1458,-0.1681
31.500,1.4454,0.1540,-0.7404,0.0263,0.20,-0.1279,-0.1208,-0.1358
31.600,1.4436,0.1559,-0.7489,0.0265,0.20,-0.0989,-0.0946,-0.1036
31.700,1.4416,0.1578,-0.7571,0.0268,0.20,-0.0692,-0.0670,-0.0714
31.800,1.4397,0.1597,-0.7651,0.0271,0.20,-0.0384,-0.0378,-0.0391
31.900,1.4377,0.1615,-0.7728,0.0273,0.20,-0.0070,-0.0069,-0.0070
32.000,1.4357,0.1634,-0.7803,0.0276,0.20,0.0254,0.0257,0.0251
32.100,1.4335,0.1653,-0.7873,0.0289,0.20,0.0593,0.0610,0.0578
32.200,1.4313,0.1673,-0.7943,0.0306,0.20,0.0965,0.1010,0.0924
32.300,1.4289,0.1694,-0.8015,0.0320,0.20,0.1356,0.1445,0.1277
32.400,1.4263,0.1714,-0.8076,0.0327,0.20,0.1749,0.1899,0.1620
32.500,1.4237,0.1734,-0.8130,0.0333,0.20,0.2145,0.2374,0.1955
32.600,1.4209,0.1754,-0.8176,0.0340,0.20,0.2547,0.2874,0.2285
32.700,1.4180,0.1774,-0.8211,0.0350,0.20,0.2948,0.3392,0.2605
32.800,1.4150,0.1793,-0.8235,0.0361,0.20,0.3353,0.3930,0.2919
32.900,1.4119,0.1813,-0.8246,0.0378,0.20,0.3771,0.4507,0.3234
33.000,1.4085,0.1833,-0.8240,0.0399,0.20,0.4201,0.5118,0.3551
33.100,1.4049,0.1853,-0.8214,0.0415,0.20,0.4631,0.5746,0.3860
33.200,1.4012,0.1873,-0.8165,0.0418,0.20,0.5024,0.6334,0.4136
33.300,1.3975,0.1890,-0.8092,0.0413,0.20,0.5236,0.6656,0.4283
33.400,1.3943,0.1906,-0.7982,0.0337,0.20,0.5236,0.6656,0.4283
33.500,1.3915,0.1920,-0.7883,0.0304,0.20,0.5236,0.6656,0.4283
33.600,1.3889,0.1932,-0.7797,0.0284,0.20,0.5236,0.6656,0.4283
33.700,1.3863,0.1943,-0.7714,0.0281,0.20,0.5236,0.6656,0.4283
33.800,1.3837,0.1954,-0.7631,0.0281,0.20,0.5236,0.6656,0.4283
33.900,1.3811,0.1965,-0.7548,0.0281,0.20,0.5236,0.6656,0.4283
34.050,1.3773,0.1982,-0.7424,0.0281,0.20,0.5236,0.6656,0.4283
34.150,1.3746,0.1992,-0.7341,0.0282,0.20,0.5236,0.6656,0.4283
34.250,1.3720,0.2002,-0.7258,0.0281,0.20,0.5236,0.6656,0.4283
34.350,1.3694,0.2013,-0.7175,0.0281,0.20,0.5236,0.6656,0.4283
34.450,1.3668,0.2022,-0.7092,0.0281,0.20,0.5236,0.6656,0.4283
34.550,1.3641,0.2032,-0.7009,0.0281,0.20,0.5236,0.6656,0.4283
34.650,1.3615,0.2041,-0.6926,0.0281,0.20,0.5236,0.6656,0.4283
34.750,1.3588,0.2051,-0.6843,0.0281,0.20,0.5236,0.6656,0.4283
34.850,1.3562,0.2060,-0.6760,0.0281,0.20,0.5236,0.6656,0.4283
34.950,1.3535,0.2069,-0.6677,0.0281,0.20,0.5236,0.6656,0.4283
35.050,1.3508,0.2077,-0.6594,0.0282,0.20,0.5236,0.6656,0.4283
35.150,1.3481,0.2086,-0.6511,0.0282,0.20,0.5236,0.6656,0.4283
35.250,1.3454,0.2094,-0.6429,0.0282,0.20,0.5236,0.6656,0.4283
35.350,1.3427,0.2102,-0.6346,0.0282,0.20,0.5236,0.6656,0.4283
35.450,1.3400,0.2109,-0.6263,0.0282,0.20,0.5236,0.6656,0.4283
35.550,1.3373,0.2117,-0.6181,0.0283,0.20,0.5236,0.6656,0.4283
35.650,1.3346,0.2124,-0.6098,0.0283,0.20,0.5236,0.6656,0.4283
35.750,1.3318,0.2131,-0.6016,0.0283,0.20,0.5236,0.6656,0.4283
35.850,1.3291,0.2138,-0.5933,0.0283,0.20,0.5236,0.6656,0.4283
35.950,1.3263,0.2145,-0.5851,0.0282,0.20,0.5236,0.6656,0.4283
36.050,1.3236,0.2151,-0.5768,0.0282,0.20,0.5236,0.6656,0.4283
36.150,1.3208,0.2157,-0.5686,0.0282,0.20,0.5236,0.6656,0.4283
36.250,1.3181,0.2163,-0.5604,0.0282,0.20,0.5236,0.6656,0.4283
36.350,1.3153,0.2169,-0.5521,0.0282,0.20,0.5236,0.6656,0.4283
36.450,1.3125,0.2175,-0.5439,0.0282,0.20,0.5236,0.6656,0.4283
36.550,1.3098,0.2180,-0.5357,0.0282,0.20,0.5236,0.6656,0.4283
36.650,1.3070,0.2185,-0.5274,0.0282,0.20,0.5236,0.6656,0.4283
36.750,1.3042,0.2190,-0.5192,0.0282,0.20,0.5236,0.6656,0.4283
36.850,1.3014,0.2194,-0.5110,0.0282,0.20,0.5236,0.6656,0.4283
36.950,1.2986,0.2199,-0.5027,0.0282,0.20,0.5236,0.6656,0.4283
37.050,1.2958,0.2203,-0.4945,0.0283,0.20,0.5236,0.6656,0.4283
37.150,1.2930,0.2207,-0.4863,0.0283,0.20,0.5236,0.6656,0.4283
37.250,1.2902,0.2210,-0.4780,0.0283,0.20,0.5236,0.6656,0.4283
37.350,1.2874,0.2214,-0.4698,0.0283,0.20,0.5236,0.6656,0.4283
37.450,1.2846,0.2217,-0.4616,0.0283,0.20,0.5236,0.6656,0.4283
37.550,1.2818,0.2220,-0.4533,0.0283,0.20,0.5236,0.6656,0.4283
37.650,1.2790,0.2222,-0.4451,0.0283,0.20,0.5236,0.6656,0.4283
37.750,1.2762,0.2225,-0.4369,0.0283,0.20,0.5236,0.6656,0.4283
37.850,1.2733,0.2227,-0.4287,0.0283,0.20,0.5236,0.6656,0.4283
37.950,1.2705,0.2229,-0.4205,0.0283,0.20,0.5236,0.6656,0.4283
38.050,1.2677,0.2231,-0.4123,0.0283,0.20,0.5236,0.6656,0.4283
38.150,1.2649,0.2232,-0.4041,0.0283,0.20,0.5236,0.6656,0.4283
38.250,1.2621,0.2234,-0.3959,0.0283,0.20,0.5236,0.6656,0.4283
38.350,1.2592,0.2235,-0.3877,0.0283,0.20,0.5236,0.6656,0.4283
38.450,1.2564,0.2236,-0.3795,0.0283,0.20,0.5236,0.6656,0.4283
38.550,1.2536,0.2236,-0.3713,0.0283,0.20,0.5236,0.6656,0.4283
38.650,1.2507,0.2237,-0.3631,0.0283,0.20,0.5236,0.6656,0.4283
38.750,1.2479,0.2237,-0.3549,0.0283,0.20,0.5236,0.6656,0.4283
38.850,1.2451,0.2237,-0.3468,0.0283,0.20,0.5236,0.6656,0.4283
38.950,1.2422,0.2237,-0.3384,0.0283,0.20,0.5236,0.6656,0.4283
39.050,1.2394,0.2236,-0.3300,0.0281,0.20,0.5236,0.6656,0.4283
39.150,1.2366,0.2235,-0.3217,0.0282,0.20,0.5236,0.6656,0.4283
39.250,1.2338,0.2234,-0.3134,0.0282,0.20,0.5236,0.6656,0.4283
39.350,1.2310,0.2233,-0.3051,0.0282,0.20,0.5236,0.6656,0.4283
39.450,1.2282,0.2231,-0.2968,0.0282,0.20,0.5236,0.6656,0.4283
39.550,1.2254,0.2229,-0.2885,0.0282,0.20,0.5236,0.6656,0.4283
39.650,1.2226,0.2227,-0.2802,0.0282,0.20,0.5236,0.6656,0.4283
39.750,1.2198,0.2225,-0.2719,0.0282,0.20,0.5236,0.6656,0.4283
39.850,1.2169,0.2223,-0.2636,0.0282,0.20,0.5236,0.6656,0.4283
39.950,1.2141,0.2220,-0.2553,0.0282,0.20,0.5236,0.6656,0.4283
40.050,1.2113,0.2217,-0.2470,0.0282,0.20,0.5236,0.6656,0.4283
40.150,1.2085,0.2214,-0.2387,0.0282,0.20,0.5236,0.6656,0.4283
40.250,1.2057,0.2210,-0.2304,0.0282,0.20,0.5236,0.6656,0.4283
40.350,1.2030,0.2207,-0.2221,0.0282,0.20,0.5236,0.6656,0.4283
40.450,1.2002,0.2203,-0.2138,0.0282,0.20,0.5236,0.6656,0.4283
40.550,1.1974,0.2199,-0.2055,0.0282,0.20,0.5236,0.6656,0.4283
40.650,1.1946,0.2194,-0.1972,0.0282,0.20,0.5236,0.6656,0.4283
40.750,1.1918,0.2190,-0.1889,0.0282,0.20,0.5236,0.6656,0.4283
40.850,1.1890,0.2185,-0.1806,0.0282,0.20,0.5236,0.6656,0.4283
40.950,1.1863,0.2180,-0.1724,0.0282,0.20,0.5236,0.6656,0.4283
41.050,1.1835,0.2174,-0.1641,0.0282,0.20,0.5236,0.6656,0.4283
41.150,1.1807,0.2169,-0.1558,0.0282,0.20,0.5236,0.6656,0.4283
41.250,1.1780,0.2163,-0.1475,0.0282,0.20,0.5236,0.6656,0.4283
41.350,1.1752,0.2157,-0.1392,0.0282,0.20,0.5236,0.6656,0.4283
41.450,1.1726,0.2152,-0.1301,0.0258,0.20,0.5044,0.6364,0.4150
41.550,1.1702,0.2148,-0.1194,0.0243,0.20,0.4846,0.6066,0.4011
41.650,1.1678,0.2144,-0.1088,0.0244,0.20,0.4650,0.5775,0.3873
41.750,1.1654,0.2140,-0.0985,0.0246,0.20,0.4458,0.5491,0.3736
41.850,1.1629,0.2136,-0.0884,0.0248,0.20,0.4269,0.5215,0.3600
41.950,1.1604,0.2132,-0.0788,0.0251,0.20,0.4083,0.4948,0.3464
42.050,1.1579,0.2128,-0.0694,0.0253,0.20,0.3900,0.4689,0.3330
42.150,1.1554,0.2124,-0.0604,0.0255,0.20,0.3721,0.4437,0.3197
42.250,1.1529,0.2121,-0.0517,0.0258,0.20,0.3546,0.4194,0.3065
42.350,1.1503,0.2117,-0.0434,0.0260,0.20,0.3374,0.3959,0.2935
42.450,1.1477,0.2113,-0.0353,0.0262,0.20,0.3205,0.3732,0.2805
42.550,1.1451,0.2110,-0.0276,0.0264,0.20,0.3040,0.3512,0.2677
42.650,1.1425,0.2106,-0.0202,0.0265,0.20,0.2879,0.3301,0.2551
42.750,1.1399,0.2102,-0.0131,0.0267,0.20,0.2722,0.3097,0.2426
42.850,1.1372,0.2099,-0.0063,0.0269,0.20,0.2568,0.2901,0.2302
42.950,1.1345,0.2095,0.0002,0.0276,0.20,0.2421,0.2716,0.2183
43.050,1.1318,0.2092,0.0065,0.0271,0.20,0.2277,0.2537,0.2065
43.150,1.1291,0.2089,0.0124,0.0272,0.20,0.2136,0.2363,0.1948
43.250,1.1264,0.2086,0.0179,0.0275,0.20,0.1998,0.2197,0.1833
43.350,1.1236,0.2082,0.0232,0.0276,0.20,0.1865,0.2036,0.1719
43.450,1.1209,0.2079,0.0282,0.0277,0.20,0.1735,0.1883,0.1608
43.550,1.1181,0.2076,0.0330,0.0278,0.20,0.1608,0.1735,0.1499
43.650,1.1153,0.2073,0.0374,0.0279,0.20,0.1486,0.1594,0.1392
43.750,1.1126,0.2070,0.0416,0.0280,0.20,0.1368,0.1459,0.1288
43.850,1.1098,0.2067,0.0456,0.0281,0.20,0.1253,0.1329,0.1185
43.950,1.1070,0.2064,0.0492,0.0282,0.20,0.1142,0.1205,0.1086
44.050,1.1042,0.2061,0.0527,0.0283,0.20,0.1035,0.1087,0.0989
44.150,1.1013,0.2058,0.0558,0.0283,0.20,0.0932,0.0974,0.0894
44.250,1.0985,0.2055,0.0588,0.0284,0.20,0.0832,0.0865,0.0802
44.350,1.0957,0.2053,0.0615,0.0285,0.20,0.0736,0.0762,0.0712
44.450,1.0928,0.2050,0.0640,0.0285,0.20,0.0644,0.0663,0.0625
44.550,1.0900,0.2047,0.0663,0.0286,0.20,0.0555,0.0569,0.0541
44.650,1.0871,0.2044,0.0685,0.0287,0.20,0.0458,0.0467,0.0448
44.750,1.0843,0.2041,0.0708,0.0285,0.20,0.0346,0.0351,0.0340
44.850,1.0814,0.2038,0.0730,0.0292,0.20,0.0257,0.0260,0.0254
44.950,1.0785,0.2036,0.0747,0.0293,0.20,0.0170,0.0172,0.0169
45.050,1.0756,0.2033,0.0762,0.0293,0.20,0.0088,0.0089,0.0088
45.150,1.0727,0.2031,0.0775,0.0293,0.20,0.0010,0.0010,0.0010
45.250,1.0697,0.2028,0.0786,0.0293,0.20,-0.0065,-0.0064,-0.0065
45.350,1.0668,0.2026,0.0795,0.0294,0.20,-0.0136,-0.0135,-0.0136
45.450,1.0639,0.2023,0.0802,0.0294,0.20,-0.0203,-0.0201,-0.0205
45.550,1.0610,0.2021,0.0807,0.0294,0.20,-0.0267,-0.0263,-0.0270
45.650,1.0580,0.2019,0.0810,0.0294,0.20,-0.0327,-0.0322,-0.0332
45.750,1.0551,0.2017,0.0812,0.0294,0.20,-0.0384,-0.0377,-0.0391
45.850,1.0522,0.2015,0.0813,0.0294,0.20,-0.0437,-0.0429,-0.0446
45.950,1.0492,0.2013,0.0812,0.0294,0.20,-0.0487,-0.0477,-0.0498
46.050,1.0463,0.2011,0.0810,0.0294,0.20,-0.0534,-0.0521,-0.0547
46.150,1.0434,0.2009,0.0806,0.0294,0.20,-0.0578,-0.0563,-0.0593
46.250,1.0404,0.2007,0.0801,0.0294,0.20,-0.0618,-0.0601,-0.0636
46.350,1.0375,0.2006,0.0795,0.0294,0.20,-0.0655,-0.0636,-0.0676
46.450,1.0346,0.2004,0.0787,0.0294,0.20,-0.0690,-0.0669,-0.0712
46.550,1.0316,0.2002,0.0779,0.0294,0.20,-0.0721,-0.0698,-0.0746
46.650,1.0287,0.2001,0.0769,0.0293,0.20,-0.0750,-0.0725,-0.0776
46.750,1.0258,0.2000,0.0759,0.0293,0.20,-0.0775,-0.0749,-0.0804
46.850,1.0228,0.1998,0.0748,0.0293,0.20,-0.0798,-0.0770,-0.0829
46.950,1.0199,0.1997,0.0736,0.0293,0.20,-0.0819,-0.0789,-0.0851
47.050,1.0170,0.1996,0.0723,0.0293,0.20,-0.0837,-0.0806,-0.0870
47.150,1.0141,0.1995,0.0710,0.0293,0.20,-0.0852,-0.0820,-0.0887
47.250,1.0111,0.1994,0.0696,0.0293,0.20,-0.0866,-0.0833,-0.0901
47.350,1.0082,0.1993,0.0682,0.0293,0.20,-0.0877,-0.0843,-0.0913
47.450,1.0053,0.1992,0.0667,0.0293,0.20,-0.0885,-0.0851,-0.0923
47.550,1.0024,0.1991,0.0651,0.0293,0.20,-0.0892,-0.0857,-0.0930
47.650,0.9994,0.1990,0.0636,0.0293,0.20,-0.0897,-0.0862,-0.0935
47.750,0.9965,0.1989,0.0619,0.0292,0.20,-0.0900,-0.0864,-0.0939
47.850,0.9936,0.1989,0.0603,0.0292,0.20,-0.0901,-0.0865,-0.0940
47.950,0.9907,0.1988,0.0586,0.0292,0.20,-0.0901,-0.0865,-0.0939
48.050,0.9877,0.1987,0.0570,0.0292,0.20,-0.0898,-0.0863,-0.0937
48.150,0.9848,0.1987,0.0553,0.0292,0.20,-0.0895,-0.0860,-0.0933
48.250,0.9819,0.1986,0.0535,0.0292,0.20,-0.0890,-0.0855,-0.0927
48.350,0.9790,0.1986,0.0518,0.0292,0.20,-0.0883,-0.0849,-0.0920
48.450,0.9761,0.1986,0.0501,0.0292,0.20,-0.0876,-0.0842,-0.0912
48.550,0.9731,0.1985,0.0484,0.0292,0.20,-0.0867,-0.0834,-0.0902
48.650,0.9702,0.1985,0.0467,0.0292,0.20,-0.0857,-0.0824,-0.0892
48.750,0.9673,0.1985,0.0449,0.0292,0.20,-0.0846,-0.0814,-0.0880
48.850,0.9644,0.1985,0.0432,0.0292,0.20,-0.0834,-0.0803,-0.0867
48.950,0.9615,0.1984,0.0415,0.0292,0.20,-0.0821,-0.0791,-0.0853
49.050,0.9586,0.1984,0.0399,0.0292,0.20,-0.0807,-0.0778,-0.0838
49.150,0.9556,0.1984,0.0382,0.0292,0.20,-0.0793,-0.0765,-0.0822
49.250,0.9527,0.1984,0.0366,0.0292,0.20,-0.0778,-0.0751,-0.0806
49.350,0.9498,0.1984,0.0349,0.0292,0.20,-0.0762,-0.0736,-0.0789
49.450,0.9469,0.1984,0.0333,0.0292,0.20,-0.0746,-0.0721,-0.0772
49.550,0.9440,0.1984,0.0317,0.0292,0.20,-0.0729,-0.0705,-0.0754
49.650,0.9410,0.1984,0.0302,0.0292,0.20,-0.0711,-0.0689,-0.0735
49.750,0.9381,0.1984,0.0287,0.0292,0.20,-0.0694,-0.0673,-0.0717
49.850,0.9352,0.1984,0.0272,0.0292,0.20,-0.0676,-0.0656,-0.0698
49.950,0.9323,0.1985,0.0257,0.0292,0.20,-0.0658,-0.0639,-0.0678
50.050,0.9294,0.1985,0.0243,0.0292,0.20,-0.0639,-0.0621,-0.0659
50.150,0.9265,0.1985,0.0229,0.0292,0.20,-0.0621,-0.0603,-0.0639
50.250,0.9235,0.1985,0.0215,0.0292,0.20,-0.0602,-0.0586,-0.0619
50.350,0.9206,0.1985,0.0202,0.0292,0.20,-0.0583,-0.0568,-0.0599
50.450,0.9177,0.1986,0.0189,0.0292,0.20,-0.0564,-0.0550,-0.0579
50.550,0.9148,0.1986,0.0176,0.0292,0.20,-0.0545,-0.0532,-0.0559
50.650,0.9119,0.1986,0.0164,0.0292,0.20,-0.0526,-0.0514,-0.0539
50.750,0.9089,0.1986,0.0152,0.0292,0.20,-0.0507,-0.0496,-0.0519
50.850,0.9060,0.1987,0.0140,0.0292,0.20,-0.0488,-0.0478,-0.0500
50.950,0.9031,0.1987,0.0129,0.0292,0.20,-0.0470,-0.0460,-0.0480
51.050,0.9002,0.1987,0.0118,0.0292,0.20,-0.0451,-0.0442,-0.0461
51.150,0.8973,0.1987,0.0107,0.0292,0.20,-0.0433,-0.0424,-0.0442
51.250,0.8944,0.1988,0.0097,0.0292,0.20,-0.0415,-0.0407,-0.0423
51.350,0.8914,0.1988,0.0087,0.0292,0.20,-0.0397,-0.0390,-0.0404
51.450,0.8885,0.1988,0.0078,0.0292,0.20,-0.0379,-0.0372,-0.0386
51.550,0.8856,0.1989,0.0069,0.0292,0.20,-0.0361,-0.0355,-0.0367
51.650,0.8827,0.1989,0.0060,0.0292,0.20,-0.0344,-0.0339,-0.0350
51.750,0.8797,0.1989,0.0052,0.0292,0.20,-0.0327,-0.0322,-0.0332
51.850,0.8768,0.1990,0.0043,0.0292,0.20,-0.0311,-0.0306,-0.0315
51.950,0.8739,0.1990,0.0036,0.0292,0.20,-0.0294,-0.0290,-0.0298
52.050,0.8710,0.1990,0.0028,0.0292,0.20,-0.0278,-0.0275,-0.0282
52.150,0.8681,0.1991,0.0021,0.0292,0.20,-0.0263,-0.0259,-0.0266
52.250,0.8651,0.1991,0.0015,0.0292,0.20,-0.0247,-0.0244,-0.0250
52.350,0.8622,0.1991,0.0008,0.0292,0.20,-0.0232,-0.0230,-0.0235
52.450,0.8593,0.1992,0.0002,0.0292,0.20,-0.0218,-0.0216,-0.0220
52.550,0.8564,0.1992,-0.0004,0.0292,0.20,-0.0204,-0.0202,-0.0205
52.650,0.8534,0.1992,-0.0009,0.0292,0.20,-0.0190,-0.0188,-0.0191
52.750,0.8505,0.1993,-0.0015,0.0292,0.20,-0.0176,-0.0175,-0.0178
52.850,0.8476,0.1993,-0.0019,0.0292,0.20,-0.0163,-0.0162,-0.0164
52.950,0.8447,0.1993,-0.0024,0.0292,0.20,-0.0151,-0.0150,-0.0152
53.050,0.8417,0.1994,-0.0028,0.0293,0.00,0.5236,0.6656,0.4283
53.150,0.8385,0.1995,-0.0148,0.0341,0.00,0.5236,0.6656,0.4283
53.250,0.8342,0.2000,-0.0386,0.0480,0.00,0.5236,0.6656,0.4283
53.350,0.8284,0.1992,-0.0528,0.0615,0.00,0.5236,0.6656,0.4283
53.450,0.8237,0.1977,-0.0408,0.0444,0.00,0.5236,0.6656,0.4283
53.550,0.8201,0.1967,-0.0272,0.0356,0.00,0.5236,0.6656,0.4283
53.650,0.8170,0.1958,-0.0160,0.0321,0.00,0.5236,0.6656,0.4283
53.750,0.8141,0.1948,-0.0069,0.0292,0.00,0.5236,0.6656,0.4283
53.850,0.8114,0.1939,0.0016,0.0283,0.00,0.5236,0.6656,0.4283
53.950,0.8088,0.1929,0.0099,0.0280,0.00,0.5236,0.6656,0.4283
54.050,0.8062,0.1919,0.0183,0.0280,0.00,0.5236,0.6656,0.4283
54.150,0.8036,0.1909,0.0267,0.0280,0.00,0.5236,0.6656,0.4283
54.250,0.8010,0.1898,0.0351,0.0280,0.00,0.5236,0.6656,0.4283
54.350,0.7984,0.1887,0.0434,0.0280,0.00,0.5236,0.6656,0.4283
54.450,0.7958,0.1876,0.0518,0.0280,0.00,0.5236,0.6656,0.4283
54.550,0.7933,0.1865,0.0602,0.0280,0.00,0.5236,0.6656,0.4283
54.650,0.7907,0.1854,0.0686,0.0280,0.00,0.5236,0.6656,0.4283
54.750,0.7882,0.1842,0.0770,0.0280,0.00,0.5236,0.6656,0.4283
54.850,0.7856,0.1831,0.0854,0.0280,0.00,0.5236,0.6656,0.4283
54.950,0.7831,0.1819,0.0938,0.0279,0.00,0.5236,0.6656,0.4283
55.050,0.7806,0.1806,0.1023,0.0280,0.00,0.5236,0.6656,0.4283
55.150,0.7781,0.1794,0.1107,0.0280,0.00,0.5236,0.6656,0.4283
55.250,0.7756,0.1781,0.1191,0.0280,0.00,0.5236,0.6656,0.4283
55.350,0.7731,0.1768,0.1274,0.0281,0.00,0.5236,0.6656,0.4283
55.450,0.7706,0.1755,0.1358,0.0280,0.00,0.5236,0.6656,0.4283
55.550,0.7682,0.1742,0.1442,0.0280,0.00,0.5236,0.6656,0.4283
55.650,0.7657,0.1728,0.1528,0.0278,0.00,0.5236,0.6656,0.4283
55.750,0.7633,0.1715,0.1614,0.0276,0.00,0.5236,0.6656,0.4283
55.850,0.7609,0.1701,0.1700,0.0277,0.00,0.5236,0.6656,0.4283
55.950,0.7586,0.1686,0.1787,0.0277,0.00,0.5236,0.6656,0.4283
56.050,0.7562,0.1672,0.1873,0.0277,0.00,0.5236,0.6656,0.4283
56.150,0.7538,0.1657,0.1959,0.0277,0.00,0.5236,0.6656,0.4283
56.250,0.7515,0.1642,0.2046,0.0277,0.00,0.5236,0.6656,0.4283
56.350,0.7492,0.1627,0.2132,0.0277,0.00,0.5236,0.6656,0.4283
56.450,0.7469,0.1612,0.2218,0.0277,0.00,0.5236,0.6656,0.4283
56.550,0.7446,0.1597,0.2304,0.0277,0.00,0.5236,0.6656,0.4283
56.650,0.7423,0.1581,0.2390,0.0275,0.00,0.5236,0.6656,0.4283
56.750,0.7401,0.1565,0.2475,0.0276,0.00,0.5236,0.6656,0.4283
56.850,0.7378,0.1549,0.2561,0.0276,0.00,0.5236,0.6656,0.4283
56.950,0.7356,0.1533,0.2648,0.0276,0.00,0.5236,0.6656,0.4283
57.050,0.7334,0.1517,0.2734,0.0276,0.00,0.5236,0.6656,0.4283
57.150,0.7311,0.1500,0.2820,0.0276,0.00,0.5236,0.6656,0.4283
57.250,0.7290,0.1483,0.2906,0.0276,0.00,0.5236,0.6656,0.4283
57.350,0.7268,0.1466,0.2992,0.0276,0.00,0.5236,0.6656,0.4283
57.450,0.7246,0.1449,0.3079,0.0276,0.00,0.5236,0.6656,0.4283
57.550,0.7225,0.1432,0.3165,0.0276,0.00,0.5236,0.6656,0.4283
57.650,0.7203,0.1415,0.3251,0.0276,0.00,0.5236,0.6656,0.4283
57.750,0.7182,0.1397,0.3337,0.0276,0.00,0.5236,0.6656,0.4283
57.850,0.7161,0.1379,0.3423,0.0276,0.00,0.5236,0.6656,0.4283
57.950,0.7140,0.1361,0.3508,0.0276,0.00,0.5236,0.6656,0.4283
58.050,0.7119,0.1343,0.3594,0.0277,0.00,0.5236,0.6656,0.4283
58.150,0.7098,0.1324,0.3680,0.0277,0.00,0.5236,0.6656,0.4283
58.250,0.7078,0.1306,0.3766,0.0277,0.00,0.5236,0.6656,0.4283
58.350,0.7058,0.1287,0.3851,0.0277,0.00,0.5236,0.6656,0.4283
58.450,0.7037,0.1268,0.3937,0.0277,0.00,0.5236,0.6656,0.4283
58.550,0.7017,0.1249,0.4023,0.0277,0.00,0.5236,0.6656,0.4283
58.650,0.6997,0.1230,0.4108,0.0277,0.00,0.5236,0.6656,0.4283
58.750,0.6978,0.1210,0.4194,0.0277,0.00,0.5236,0.6656,0.4283
58.850,0.6958,0.1191,0.4279,0.0277,0.00,0.5236,0.6656,0.4283
58.950,0.6939,0.1171,0.4364,0.0277,0.00,0.5236,0.6656,0.4283
59.050,0.6920,0.1151,0.4450,0.0277,0.00,0.5236,0.6656,0.4283
59.150,0.6900,0.1131,0.4535,0.0278,0.00,0.5236,0.6656,0.4283
59.250,0.6881,0.1110,0.4619,0.0279,0.00,0.5236,0.6656,0.4283
59.350,0.6863,0.1090,0.4704,0.0278,0.00,0.5236,0.6656,0.4283
59.450,0.6844,0.1069,0.4789,0.0278,0.00,0.5236,0.6656,0.4283
59.550,0.6825,0.1048,0.4874,0.0278,0.00,0.5236,0.6656,0.4283
59.650,0.6807,0.1027,0.4959,0.0278,0.00,0.5236,0.6656,0.4283
59.750,0.6789,0.1006,0.5043,0.0278,0.00,0.5236,0.6656,0.4283
59.850,0.6771,0.0985,0.5128,0.0278,0.00,0.5236,0.6656,0.4283
59.950,0.6753,0.0964,0.5213,0.0278,0.00,0.5236,0.6656,0.4283
60.050,0.6736,0.0942,0.5298,0.0278,0.00,0.5236,0.6656,0.4283
60.150,0.6719,0.0921,0.5383,0.0278,0.00,0.5236,0.6656,0.4283
60.250,0.6701,0.0899,0.5468,0.0278,0.00,0.5236,0.6656,0.4283
60.350,0.6684,0.0877,0.5552,0.0278,0.00,0.5236,0.6656,0.4283
60.450,0.6668,0.0855,0.5637,0.0278,0.00,0.5236,0.6656,0.4283
60.550,0.6651,0.0832,0.5722,0.0278,0.00,0.5236,0.6656,0.4283
60.650,0.6634,0.0810,0.5807,0.0278,0.00,0.5236,0.6656,0.4283
60.750,0.6618,0.0787,0.5892,0.0278,0.00,0.5204,0.6608,0.4261
60.850,0.6602,0.0766,0.5990,0.0252,0.00,0.5008,0.6309,0.4124
60.950,0.6587,0.0748,0.6101,0.0242,0.00,0.4799,0.5997,0.3979
61.050,0.6572,0.0729,0.6212,0.0241,0.00,0.4586,0.5680,0.3828
61.150,0.6556,0.0711,0.6320,0.0243,0.00,0.4370,0.5363,0.3673
61.250,0.6540,0.0692,0.6426,0.0245,0.00,0.4153,0.5048,0.3516
61.350,0.6524,0.0673,0.6529,0.0247,0.00,0.3933,0.4735,0.3354
61.450,0.6508,0.0655,0.6629,0.0249,0.00,0.3711,0.4423,0.3189
61.550,0.6491,0.0636,0.6726,0.0251,0.00,0.3486,0.4112,0.3020
61.650,0.6474,0.0617,0.6820,0.0253,0.00,0.3257,0.3801,0.2845
61.750,0.6457,0.0598,0.6914,0.0254,0.00,0.3023,0.3489,0.2663
61.850,0.6440,0.0579,0.7005,0.0256,0.00,0.2785,0.3178,0.2476
61.950,0.6423,0.0560,0.7093,0.0258,0.00,0.2542,0.2869,0.2282
62.050,0.6405,0.0541,0.7180,0.0261,0.00,0.2293,0.2557,0.2078
62.150,0.6387,0.0522,0.7276,0.0259,0.00,0.2027,0.2231,0.1857
62.250,0.6369,0.0503,0.7368,0.0260,0.00,0.1759,0.1911,0.1629
62.350,0.6351,0.0484,0.7456,0.0264,0.00,0.1483,0.1590,0.1389
62.450,0.6333,0.0465,0.7544,0.0264,0.00,0.1198,0.1268,0.1136
62.550,0.6314,0.0446,0.7629,0.0267,0.00,0.0906,0.0945,0.0870
62.650,0.6295,0.0427,0.7713,0.0269,0.00,0.0605,0.0622,0.0589
62.750,0.6276,0.0408,0.7795,0.0272,0.00,0.0294,0.0298,0.0290
62.850,0.6256,0.0388,0.7876,0.0285,0.00,-0.0037,-0.0037,-0.0037
62.950,0.6236,0.0368,0.7966,0.0293,0.00,-0.0400,-0.0393,-0.0407
63.050,0.6214,0.0347,0.8057,0.0307,0.00,-0.0785,-0.0758,-0.0815
63.150,0.6191,0.0325,0.8138,0.0318,0.00,-0.1179,-0.1119,-0.1246
63.250,0.6166,0.0304,0.8209,0.0324,0.00,-0.1578,-0.1473,-0.1700
63.350,0.6141,0.0283,0.8270,0.0330,0.00,-0.1981,-0.1818,-0.2176
63.450,0.6114,0.0263,0.8319,0.0335,0.00,-0.2377,-0.2147,-0.2661
63.550,0.6087,0.0244,0.8358,0.0340,0.00,-0.2771,-0.2465,-0.3161
63.650,0.6058,0.0224,0.8385,0.0353,0.00,-0.3171,-0.2779,-0.3686
63.750,0.6027,0.0204,0.8396,0.0375,0.00,-0.3589,-0.3098,-0.4254
63.850,0.5994,0.0184,0.8388,0.0384,0.00,-0.3993,-0.3398,-0.4819
63.950,0.5960,0.0164,0.8360,0.0390,0.00,-0.4377,-0.3678,-0.5373
64.050,0.5926,0.0146,0.8312,0.0391,0.00,-0.4735,-0.3933,-0.5901
64.150,0.5891,0.0129,0.8243,0.0387,0.00,-0.5056,-0.4158,-0.6382
64.250,0.5856,0.0113,0.8156,0.0379,0.00,-0.5236,-0.4283,-0.6656
64.350,0.5826,0.0098,0.8045,0.0324,0.00,-0.5236,-0.4283,-0.6656
64.450,0.5799,0.0085,0.7945,0.0288,0.00,-0.5236,-0.4283,-0.6656
64.550,0.5774,0.0073,0.7855,0.0275,0.00,-0.5236,-0.4283,-0.6656
64.650,0.5749,0.0062,0.7766,0.0274,0.00,-0.5236,-0.4283,-0.6656
64.750,0.5724,0.0051,0.7678,0.0274,0.00,-0.5236,-0.4283,-0.6656
64.850,0.5698,0.0041,0.7589,0.0274,0.00,-0.5236,-0.4283,-0.6656
64.950,0.5673,0.0030,0.7501,0.0275,0.00,-0.5236,-0.4283,-0.6656
65.050,0.5648,0.0020,0.7412,0.0275,0.00,-0.5236,-0.4283,-0.6656
65.150,0.5622,0.0010,0.7324,0.0275,0.00,-0.5236,-0.4283,-0.6656
65.250,0.5596,0.0000,0.7235,0.0275,0.00,-0.5236,-0.4283,-0.6656
65.350,0.5571,-0.0009,0.7147,0.0275,0.00,-0.5236,-0.4283,-0.6656
65.450,0.5545,-0.0018,0.7059,0.0275,0.00,-0.5236,-0.4283,-0.6656
65.550,0.5519,-0.0028,0.6971,0.0275,0.00,-0.5236,-0.4283,-0.6656
65.650,0.5493,-0.0036,0.6882,0.0275,0.00,-0.5236,-0.4283,-0.6656
65.750,0.5467,-0.0045,0.6794,0.0275,0.00,-0.5236,-0.4283,-0.6656
65.850,0.5441,-0.0053,0.6706,0.0275,0.00,-0.5236,-0.4283,-0.6656
65.950,0.5414,-0.0062,0.6618,0.0275,0.00,-0.5236,-0.4283,-0.6656
66.050,0.5388,-0.0070,0.6530,0.0275,0.00,-0.5236,-0.4283,-0.6656
66.150,0.5362,-0.0077,0.6442,0.0275,0.00,-0.5236,-0.4283,-0.6656
66.250,0.5335,-0.0085,0.6354,0.0275,0.00,-0.5236,-0.4283,-0.6656
66.350,0.5309,-0.0092,0.6264,0.0276,0.00,-0.5236,-0.4283,-0.6656
66.450,0.5282,-0.0099,0.6176,0.0274,0.00,-0.5236,-0.4283,-0.6656
66.550,0.5255,-0.0106,0.6088,0.0275,0.00,-0.5236,-0.4283,-0.6656
66.650,0.5229,-0.0112,0.5999,0.0275,0.00,-0.5236,-0.4283,-0.6656
66.750,0.5202,-0.0118,0.5911,0.0275,0.00,-0.5236,-0.4283,-0.6656
66.850,0.5175,-0.0124,0.5823,0.0275,0.00,-0.5236,-0.4283,-0.6656
66.950,0.5148,-0.0130,0.5735,0.0275,0.00,-0.5236,-0.4283,-0.6656
67.050,0.5121,-0.0136,0.5647,0.0275,0.00,-0.5236,-0.4283,-0.6656
67.150,0.5094,-0.0141,0.5559,0.0275,0.00,-0.5236,-0.4283,-0.6656
67.250,0.5067,-0.0146,0.5470,0.0275,0.00,-0.5236,-0.4283,-0.6656
67.350,0.5040,-0.0151,0.5382,0.0275,0.00,-0.5236,-0.4283,-0.6656
67.450,0.5013,-0.0156,0.5294,0.0274,0.00,-0.5236,-0.4283,-0.6656
67.550,0.4986,-0.0159,0.5204,0.0271,0.00,-0.5236,-0.4283,-0.6656
67.650,0.4959,-0.0163,0.5115,0.0271,0.00,-0.5236,-0.4283,-0.6656
67.750,0.4933,-0.0166,0.5026,0.0271,0.00,-0.5236,-0.4283,-0.6656
67.850,0.4906,-0.0169,0.4937,0.0271,0.00,-0.5236,-0.4283,-0.6656
67.950,0.4879,-0.0172,0.4848,0.0271,0.00,-0.5236,-0.4283,-0.6656
68.050,0.4852,-0.0174,0.4758,0.0271,0.00,-0.5236,-0.4283,-0.6656
68.150,0.4825,-0.0177,0.4669,0.0271,0.00,-0.5236,-0.4283,-0.6656
68.250,0.4798,-0.0179,0.4580,0.0271,0.00,-0.5236,-0.4283,-0.6656
68.350,0.4771,-0.0181,0.4491,0.0271,0.00,-0.5236,-0.4283,-0.6656
68.450,0.4744,-0.0182,0.4402,0.0271,0.00,-0.5236,-0.4283,-0.6656
68.550,0.4717,-0.0184,0.4313,0.0271,0.00,-0.5236,-0.4283,-0.6656
68.650,0.4690,-0.0185,0.4224,0.0271,0.00,-0.5236,-0.4283,-0.6656
68.750,0.4663,-0.0186,0.4135,0.0271,0.00,-0.5236,-0.4283,-0.6656
68.850,0.4635,-0.0186,0.4046,0.0271,0.00,-0.5236,-0.4283,-0.6656
68.950,0.4608,-0.0187,0.3957,0.0271,0.00,-0.5236,-0.4283,-0.6656
69.050,0.4581,-0.0187,0.3868,0.0271,0.00,-0.5236,-0.4283,-0.6656
69.150,0.4554,-0.0187,0.3779,0.0271,0.00,-0.5236,-0.4283,-0.6656
69.250,0.4527,-0.0187,0.3690,0.0271,0.00,-0.5236,-0.4283,-0.6656
69.350,0.4500,-0.0186,0.3602,0.0272,0.00,-0.5236,-0.4283,-0.6656
69.450,0.4473,-0.0185,0.3513,0.0272,0.00,-0.5236,-0.4283,-0.6656
69.550,0.4445,-0.0184,0.3424,0.0272,0.00,-0.5236,-0.4283,-0.6656
69.650,0.4418,-0.0183,0.3336,0.0272,0.00,-0.5236,-0.4283,-0.6656
69.750,0.4391,-0.0182,0.3247,0.0272,0.00,-0.5236,-0.4283,-0.6656
69.850,0.4364,-0.0180,0.3159,0.0274,0.00,-0.5236,-0.4283,-0.6656
69.950,0.4337,-0.0178,0.3072,0.0274,0.00,-0.5236,-0.4283,-0.6656
70.050,0.4309,-0.0176,0.2984,0.0274,0.00,-0.5236,-0.4283,-0.6656
70.150,0.4282,-0.0174,0.2897,0.0274,0.00,-0.5236,-0.4283,-0.6656
70.250,0.4255,-0.0172,0.2809,0.0274,0.00,-0.5236,-0.4283,-0.6656
70.350,0.4227,-0.0169,0.2722,0.0274,0.00,-0.5236,-0.4283,-0.6656
70.450,0.4200,-0.0166,0.2634,0.0274,0.00,-0.5236,-0.4283,-0.6656
70.550,0.4173,-0.0163,0.2547,0.0274,0.00,-0.5236,-0.4283,-0.6656
70.650,0.4146,-0.0159,0.2459,0.0274,0.00,-0.5236,-0.4283,-0.6656
70.750,0.4119,-0.0155,0.2372,0.0273,0.00,-0.5236,-0.4283,-0.6656
70.850,0.4092,-0.0152,0.2284,0.0273,0.00,-0.5236,-0.4283,-0.6656
70.950,0.4065,-0.0147,0.2196,0.0273,0.00,-0.5236,-0.4283,-0.6656
71.050,0.4038,-0.0143,0.2108,0.0273,0.00,-0.5236,-0.4283,-0.6656
71.150,0.4011,-0.0138,0.2021,0.0273,0.00,-0.5236,-0.4283,-0.6656
71.250,0.3984,-0.0133,0.1933,0.0273,0.00,-0.5236,-0.4283,-0.6656
71.350,0.3958,-0.0129,0.1838,0.0253,0.00,-0.5060,-0.4161,-0.6389
71.450,0.3934,-0.0126,0.1730,0.0245,0.00,-0.4887,-0.4040,-0.6128
71.550,0.3909,-0.0123,0.1625,0.0246,0.00,-0.4717,-0.3921,-0.5874
71.650,0.3885,-0.0121,0.1521,0.0248,0.00,-0.4550,-0.3802,-0.5626
71.750,0.3860,-0.0118,0.1421,0.0250,0.00,-0.4385,-0.3683,-0.5384
71.850,0.3835,-0.0115,0.1324,0.0252,0.00,-0.4222,-0.3566,-0.5148
71.950,0.3810,-0.0112,0.1230,0.0255,0.00,-0.4062,-0.3450,-0.4919
72.050,0.3784,-0.0110,0.1138,0.0257,0.00,-0.3905,-0.3334,-0.4696
72.150,0.3758,-0.0107,0.1050,0.0259,0.00,-0.3751,-0.3220,-0.4479
72.250,0.3733,-0.0104,0.0964,0.0260,0.00,-0.3600,-0.3107,-0.4269
72.350,0.3706,-0.0101,0.0882,0.0262,0.00,-0.3452,-0.2995,-0.4066
72.450,0.3680,-0.0099,0.0802,0.0264,0.00,-0.3307,-0.2884,-0.3869
72.550,0.3654,-0.0096,0.0725,0.0266,0.00,-0.3164,-0.2774,-0.3677
72.650,0.3627,-0.0093,0.0650,0.0268,0.00,-0.3025,-0.2665,-0.3492
72.750,0.3600,-0.0091,0.0579,0.0269,0.00,-0.2888,-0.2558,-0.3313
72.850,0.3574,-0.0088,0.0510,0.0271,0.00,-0.2754,-0.2451,-0.3139
72.950,0.3546,-0.0086,0.0442,0.0273,0.00,-0.2625,-0.2348,-0.2974
73.050,0.3519,-0.0083,0.0376,0.0274,0.00,-0.2494,-0.2242,-0.2807
73.150,0.3492,-0.0080,0.0315,0.0274,0.00,-0.2365,-0.2137,-0.2646
73.250,0.3464,-0.0078,0.0253,0.0278,0.00,-0.2238,-0.2033,-0.2489
73.350,0.3436,-0.0075,0.0192,0.0276,0.00,-0.2115,-0.1931,-0.2338
73.450,0.3409,-0.0073,0.0135,0.0278,0.00,-0.1995,-0.1830,-0.2192
73.550,0.3381,-0.0070,0.0079,0.0280,0.00,-0.1875,-0.1729,-0.2049
73.650,0.3353,-0.0068,0.0026,0.0281,0.00,-0.1759,-0.1629,-0.1911
73.750,0.3325,-0.0065,-0.0025,0.0282,0.00,-0.1645,-0.1530,-0.1777
73.850,0.3297,-0.0063,-0.0073,0.0283,0.00,-0.1535,-0.1435,-0.1650
73.950,0.3269,-0.0060,-0.0118,0.0284,0.00,-0.1428,-0.1341,-0.1528
74.050,0.3240,-0.0058,-0.0162,0.0284,0.00,-0.1325,-0.1249,-0.1410
74.150,0.3212,-0.0056,-0.0203,0.0285,0.00,-0.1224,-0.1159,-0.1296
74.250,0.3183,-0.0053,-0.0242,0.0285,0.00,-0.1126,-0.1071,-0.1187
74.350,0.3155,-0.0051,-0.0280,0.0286,0.00,-0.1031,-0.0985,-0.1082
74.450,0.3126,-0.0049,-0.0315,0.0287,0.00,-0.0939,-0.0900,-0.0981
74.550,0.3098,-0.0047,-0.0348,0.0287,0.00,-0.0850,-0.0818,-0.0884
74.650,0.3069,-0.0044,-0.0379,0.0287,0.00,-0.0764,-0.0738,-0.0792
74.750,0.3040,-0.0042,-0.0408,0.0288,0.00,-0.0681,-0.0660,-0.0703
74.850,0.3012,-0.0040,-0.0436,0.0288,0.00,-0.0600,-0.0584,-0.0617
74.950,0.2983,-0.0038,-0.0461,0.0289,0.00,-0.0523,-0.0511,-0.0536
75.050,0.2954,-0.0036,-0.0485,0.0289,0.00,-0.0449,-0.0440,-0.0458
75.150,0.2925,-0.0034,-0.0507,0.0289,0.00,-0.0378,-0.0371,-0.0384
75.250,0.2896,-0.0032,-0.0527,0.0290,0.00,-0.0310,-0.0305,-0.0314
75.350,0.2867,-0.0031,-0.0545,0.0290,0.00,-0.0245,-0.0242,-0.0247
75.450,0.2838,-0.0029,-0.0562,0.0290,0.00,-0.0182,-0.0181,-0.0184
75.550,0.2809,-0.0027,-0.0578,0.0290,0.00,-0.0122,-0.0122,-0.0123
75.650,0.2780,-0.0025,-0.0592,0.0291,0.00,-0.0065,-0.0065,-0.0066
75.750,0.2751,-0.0024,-0.0604,0.0291,0.00,-0.0011,-0.0011,-0.0011
75.850,0.2722,-0.0022,-0.0615,0.0291,0.00,0.0041,0.0041,0.0041
75.950,0.2693,-0.0021,-0.0625,0.0291,0.00,0.0091,0.0092,0.0091
76.050,0.2664,-0.0019,-0.0634,0.0291,0.00,0.0139,0.0140,0.0138
76.150,0.2635,-0.0018,-0.0642,0.0291,0.00,0.0184,0.0186,0.0182
76.250,0.2606,-0.0016,-0.0648,0.0291,0.00,0.0227,0.0229,0.0225
76.350,0.2577,-0.0015,-0.0653,0.0291,0.00,0.0267,0.0271,0.0264
76.450,0.2548,-0.0014,-0.0657,0.0291,0.00,0.0306,0.0310,0.0302
76.550,0.2519,-0.0012,-0.0660,0.0291,0.00,0.0342,0.0347,0.0337
76.650,0.2490,-0.0011,-0.0663,0.0291,0.00,0.0376,0.0382,0.0369
76.750,0.2461,-0.0010,-0.0664,0.0292,0.00,0.0408,0.0415,0.0400
76.850,0.2431,-0.0009,-0.0664,0.0292,0.00,0.0438,0.0446,0.0429
76.950,0.2402,-0.0008,-0.0663,0.0292,0.00,0.0465,0.0476,0.0456
77.050,0.2373,-0.0007,-0.0662,0.0292,0.00,0.0491,0.0503,0.0481
77.150,0.2344,-0.0006,-0.0660,0.0292,0.00,0.0516,0.0528,0.0504
77.250,0.2315,-0.0005,-0.0656,0.0292,0.00,0.0536,0.0549,0.0523
77.350,0.2286,-0.0004,-0.0650,0.0293,0.00,0.0553,0.0567,0.0539
77.450,0.2256,-0.0003,-0.0644,0.0293,0.00,0.0568,0.0583,0.0554
77.550,0.2227,-0.0002,-0.0638,0.0292,0.00,0.0583,0.0599,0.0568
77.650,0.2198,-0.0001,-0.0636,0.0288,0.00,0.0612,0.0629,0.0595
77.750,0.2170,0.0000,-0.0638,0.0287,0.00,0.0644,0.0663,0.0625
77.850,0.2141,0.0001,-0.0640,0.0287,0.00,0.0676,0.0698,0.0656
77.950,0.2112,0.0002,-0.0642,0.0287,0.00,0.0709,0.0732,0.0686
78.050,0.2084,0.0004,-0.0644,0.0287,0.00,0.0740,0.0766,0.0716
78.150,0.2055,0.0005,-0.0645,0.0287,0.00,0.0770,0.0798,0.0743
78.250,0.2026,0.0006,-0.0645,0.0287,0.00,0.0798,0.0828,0.0770
78.350,0.1998,0.0007,-0.0644,0.0287,0.00,0.0824,0.0856,0.0794
78.450,0.1969,0.0008,-0.0642,0.0287,0.00,0.0848,0.0883,0.0817
78.550,0.1940,0.0009,-0.0640,0.0287,0.00,0.0871,0.0907,0.0838
78.650,0.1912,0.0010,-0.0636,0.0287,0.00,0.0892,0.0930,0.0857
78.750,0.1883,0.0011,-0.0632,0.0287,0.00,0.0911,0.0950,0.0874
78.850,0.1854,0.0011,-0.0627,0.0287,0.00,0.0928,0.0969,0.0890
78.950,0.1826,0.0012,-0.0622,0.0287,0.00,0.0943,0.0985,0.0904
79.050,0.1797,0.0013,-0.0615,0.0287,0.00,0.0956,0.1000,0.0916
79.150,0.1768,0.0014,-0.0608,0.0287,0.00,0.0967,0.1012,0.0927
79.250,0.1740,0.0014,-0.0600,0.0287,0.00,0.0977,0.1023,0.0935
79.350,0.1711,0.0015,-0.0592,0.0287,0.00,0.0985,0.1032,0.0943
79.450,0.1682,0.0016,-0.0583,0.0287,0.00,0.0991,0.1039,0.0949
79.550,0.1653,0.0016,-0.0573,0.0288,0.00,0.0996,0.1044,0.0953
79.650,0.1625,0.0017,-0.0563,0.0288,0.00,0.0999,0.1047,0.0956
79.750,0.1596,0.0017,-0.0553,0.0288,0.00,0.1001,0.1049,0.0957
79.850,0.1567,0.0018,-0.0541,0.0288,0.00,0.1001,0.1049,0.0957
79.950,0.1538,0.0018,-0.0530,0.0288,0.00,0.0999,0.1047,0.0956
80.050,0.1510,0.0018,-0.0518,0.0288,0.00,0.0996,0.1044,0.0953
80.150,0.1481,0.0019,-0.0506,0.0288,0.00,0.0992,0.1039,0.0949
80.250,0.1452,0.0019,-0.0493,0.0288,0.00,0.0986,0.1033,0.0944
80.350,0.1423,0.0019,-0.0480,0.0288,0.00,0.0979,0.1025,0.0937
80.450,0.1394,0.0019,-0.0467,0.0288,0.00,0.0971,0.1016,0.0930
80.550,0.1366,0.0020,-0.0453,0.0288,0.00,0.0962,0.1006,0.0921
80.650,0.1337,0.0020,-0.0439,0.0288,0.00,0.0951,0.0994,0.0912
80.750,0.1308,0.0020,-0.0425,0.0289,0.00,0.0939,0.0982,0.0901
80.850,0.1279,0.0020,-0.0411,0.0289,0.00,0.0927,0.0968,0.0889
80.950,0.1250,0.0020,-0.0397,0.0289,0.00,0.0913,0.0953,0.0876
81.050,0.1221,0.0020,-0.0382,0.0289,0.00,0.0898,0.0937,0.0863
81.150,0.1192,0.0020,-0.0368,0.0289,0.00,0.0883,0.0920,0.0849
81.250,0.1163,0.0020,-0.0353,0.0289,0.00,0.0867,0.0902,0.0834
81.350,0.1135,0.0020,-0.0338,0.0289,0.00,0.0849,0.0884,0.0818
81.450,0.1106,0.0020,-0.0324,0.0289,0.00,0.0832,0.0865,0.0801
81.550,0.1077,0.0019,-0.0309,0.0290,0.00,0.0813,0.0845,0.0784
81.650,0.1048,0.0019,-0.0294,0.0290,0.00,0.0794,0.0824,0.0766
81.750,0.1019,0.0019,-0.0280,0.0290,0.00,0.0774,0.0803,0.0748
81.850,0.0990,0.0019,-0.0265,0.0290,0.00,0.0754,0.0781,0.0729
81.950,0.0961,0.0019,-0.0251,0.0290,0.00,0.0733,0.0759,0.0710
82.050,0.0932,0.0018,-0.0236,0.0290,0.00,0.0712,0.0736,0.0690
82.150,0.0903,0.0018,-0.0222,0.0290,0.00,0.0691,0.0713,0.0670
82.250,0.0874,0.0018,-0.0208,0.0291,0.00,0.0669,0.0690,0.0649
82.350,0.0844,0.0017,-0.0194,0.0291,0.00,0.0647,0.0666,0.0628
82.450,0.0815,0.0017,-0.0181,0.0291,0.00,0.0624,0.0643,0.0607
82.550,0.0786,0.0017,-0.0167,0.0291,0.00,0.0602,0.0619,0.0586
82.650,0.0757,0.0016,-0.0154,0.0291,0.00,0.0579,0.0595,0.0564
82.750,0.0728,0.0016,-0.0140,0.0291,0.00,0.0556,0.0571,0.0542
82.850,0.0699,0.0016,-0.0127,0.0292,0.00,0.0532,0.0545,0.0519
82.950,0.0670,0.0015,-0.0114,0.0292,0.00,0.0507,0.0519,0.0496
83.050,0.0640,0.0015,-0.0101,0.0292,0.00,0.0482,0.0493,0.0472
83.150,0.0611,0.0014,-0.0088,0.0293,0.00,0.0459,0.0468,0.0449
83.250,0.0582,0.0014,-0.0077,0.0293,0.00,0.0435,0.0444,0.0427
83.350,0.0553,0.0013,-0.0065,0.0293,0.00,0.0413,0.0421,0.0405
83.450,0.0523,0.0013,-0.0054,0.0293,0.00,0.0390,0.0397,0.0383
83.550,0.0494,0.0013,-0.0043,0.0293,0.00,0.0368,0.0374,0.0362
83.650,0.0465,0.0012,-0.0033,0.0293,0.00,0.0346,0.0352,0.0341
83.750,0.0436,0.0012,-0.0022,0.0293,0.00,0.0325,0.0330,0.0320
83.850,0.0406,0.0011,-0.0012,0.0293,0.00,0.0304,0.0308,0.0299
83.950,0.0377,0.0011,-0.0003,0.0293,0.00,0.0283,0.0286,0.0279
84.050,0.0348,0.0010,0.0007,0.0293,0.00,0.0262,0.0265,0.0259
84.150,0.0319,0.0010,0.0016,0.0293,0.00,0.0242,0.0245,0.0239
84.250,0.0289,0.0010,0.0025,0.0293,0.00,0.0222,0.0224,0.0220
84.350,0.0260,0.0009,0.0034,0.0293,0.00,0.0203,0.0204,0.0201
84.450,0.0231,0.0009,0.0043,0.0293,0.00,0.0183,0.0185,0.0182
84.550,0.0201,0.0008,0.0051,0.0293,0.00,0.0165,0.0166,0.0163
84.650,0.0172,0.0008,0.0059,0.0293,0.00,0.0146,0.0147,0.0145
84.750,0.0143,0.0008,0.0067,0.0293,0.00,0.0128,0.0129,0.0127
84.850,0.0114,0.0007,0.0074,0.0293,0.00,0.0110,0.0111,0.0110
84.950,0.0084,0.0007,0.0081,0.0293,0.00,0.0093,0.0093,0.0093
85.050,0.0055,0.0006,0.0088,0.0293,0.00,0.0076,0.0076,0.0076
85.150,0.0026,0.0006,0.0095,0.0293,0.00,0.0059,0.0060,0.0059
85.250,-0.0004,0.0006,0.0101,0.0293,0.00,0.0043,0.0043,0.0043
85.350,-0.0033,0.0005,0.0108,0.0293,0.00,0.0027,0.0027,0.0027
85.450,-0.0062,0.0005,0.0114,0.0293,0.00,0.0012,0.0012,0.0012
85.550,-0.0091,0.0005,0.0119,0.0293,0.00,-0.0003,-0.0003,-0.0003
85.650,-0.0121,0.0004,0.0125,0.0293,0.00,-0.0018,-0.0018,-0.0018
85.750,-0.0150,0.0004,0.0130,0.0293,0.00,-0.0032,-0.0032,-0.0032
85.850,-0.0179,0.0003,0.0135,0.0293,0.00,-0.0046,-0.0046,-0.0046
85.950,-0.0209,0.0003,0.0140,0.0293,0.00,-0.0059,-0.0059,-0.0059
86.050,-0.0238,0.0003,0.0144,0.0293,0.00,-0.0072,-0.0072,-0.0072
86.150,-0.0267,0.0002,0.0149,0.0293,0.00,-0.0085,-0.0084,-0.0085
86.250,-0.0297,0.0002,0.0153,0.0293,0.00,-0.0097,-0.0096,-0.0097
86.350,-0.0326,0.0002,0.0156,0.0293,0.00,-0.0109,-0.0108,-0.0109
86.450,-0.0355,0.0002,0.0160,0.0293,0.00,-0.0120,-0.0119,-0.0121
86.550,-0.0384,0.0001,0.0163,0.0293,0.00,-0.0131,-0.0130,-0.0132
86.650,-0.0414,0.0001,0.0166,0.0293,0.00,-0.0142,-0.0141,-0.0143
86.750,-0.0443,0.0001,0.0169,0.0293,0.00,-0.0152,-0.0151,-0.0153
86.850,-0.0472,0.0000,0.0172,0.0293,0.00,-0.0162,-0.0160,-0.0163
86.950,-0.0502,0.0000,0.0175,0.0293,0.00,-0.0171,-0.0170,-0.0172
87.050,-0.0531,-0.0000,0.0177,0.0293,0.00,-0.0180,-0.0179,-0.0182
87.150,-0.0560,-0.0000,0.0179,0.0293,0.00,-0.0189,-0.0187,-0.0190
87.250,-0.0590,-0.0001,0.0181,0.0293,0.00,-0.0197,-0.0195,-0.0199
87.350,-0.0619,-0.0001,0.0183,0.0293,0.00,-0.0205,-0.0203,-0.0207
87.450,-0.0648,-0.0001,0.0184,0.0293,0.00,-0.0212,-0.0210,-0.0215
87.550,-0.0677,-0.0001,0.0185,0.0293,0.00,-0.0220,-0.0217,-0.0222
87.650,-0.0707,-0.0002,0.0186,0.0293,0.00,-0.0226,-0.0224,-0.0229
87.750,-0.0736,-0.0002,0.0187,0.0293,0.00,-0.0233,-0.0230,-0.0235
87.850,-0.0765,-0.0002,0.0188,0.0293,0.00,-0.0239,-0.0236,-0.0242
87.950,-0.0795,-0.0002,0.0189,0.0293,0.00,-0.0245,-0.0242,-0.0247
88.050,-0.0824,-0.0002,0.0189,0.0293,0.00,-0.0250,-0.0247,-0.0253
88.150,-0.0853,-0.0002,0.0189,0.0293,0.00,-0.0255,-0.0252,-0.0258
88.250,-0.0883,-0.0003,0.0190,0.0293,0.00,-0.0260,-0.0257,-0.0263
88.350,-0.0912,-0.0003,0.0190,0.0293,0.00,-0.0264,-0.0261,-0.0267
88.450,-0.0941,-0.0003,0.0189,0.0293,0.00,-0.0268,-0.0265,-0.0271
88.550,-0.0970,-0.0003,0.0189,0.0293,0.00,-0.0272,-0.0268,-0.0275
88.650,-0.1000,-0.0003,0.0189,0.0293,0.00,-0.0275,-0.0272,-0.0279
88.750,-0.1029,-0.0003,0.0188,0.0293,0.00,-0.0278,-0.0275,-0.0282
88.850,-0.1058,-0.0004,0.0187,0.0293,0.00,-0.0281,-0.0277,-0.0285
88.950,-0.1088,-0.0004,0.0186,0.0293,0.00,-0.0283,-0.0280,-0.0287
89.050,-0.1117,-0.0004,0.0185,0.0293,0.00,-0.0286,-0.0282,-0.0289
89.150,-0.1146,-0.0004,0.0184,0.0293,0.00,-0.0287,-0.0284,-0.0291
89.250,-0.1175,-0.0004,0.0183,0.0293,0.00,-0.0289,-0.0285,-0.0293
89.350,-0.1205,-0.0004,0.0181,0.0293,0.00,-0.0290,-0.0287,-0.0294
89.450,-0.1234,-0.0004,0.0180,0.0293,0.00,-0.0291,-0.0288,-0.0295
89.550,-0.1263,-0.0004,0.0178,0.0293,0.00,-0.0292,-0.0288,-0.0296
89.650,-0.1293,-0.0004,0.0177,0.0293,0.00,-0.0293,-0.0289,-0.0297
89.750,-0.1322,-0.0005,0.0175,0.0293,0.00,-0.0293,-0.0289,-0.0297
89.850,-0.1351,-0.0005,0.0173,0.0293,0.00,-0.0293,-0.0289,-0.0297
89.950,-0.1380,-0.0005,0.0171,0.0293,0.00,-0.0293,-0.0289,-0.0297
90.050,-0.1410,-0.0005,0.0169,0.0293,0.00,-0.0292,-0.0289,-0.0296
90.150,-0.1439,-0.0005,0.0167,0.0293,0.00,-0.0292,-0.0288,-0.0296
90.250,-0.1468,-0.0005,0.0165,0.0293,0.00,-0.0291,-0.0287,-0.0295
90.350,-0.1498,-0.0005,0.0162,0.0293,0.00,-0.0290,-0.0286,-0.0294
90.450,-0.1527,-0.0005,0.0160,0.0293,0.00,-0.0289,-0.0285,-0.0292
90.550,-0.1556,-0.0005,0.0158,0.0293,0.00,-0.0287,-0.0283,-0.0291
90.650,-0.1585,-0.0005,0.0155,0.0293,0.00,-0.0285,-0.0282,-0.0289
90.750,-0.1615,-0.0005,0.0153,0.0293,0.00,-0.0284,-0.0280,-0.0287
90.850,-0.1644,-0.0005,0.0150,0.0293,0.00,-0.0282,-0.0278,-0.0285
90.950,-0.1673,-0.0005,0.0147,0.0293,0.00,-0.0279,-0.0276,-0.0283
91.050,-0.1702,-0.0005,0.0145,0.0293,0.00,-0.0277,-0.0274,-0.0281
91.150,-0.1732,-0.0005,0.0142,0.0293,0.00,-0.0274,-0.0271,-0.0278
91.250,-0.1761,-0.0005,0.0139,0.0293,0.00,-0.0272,-0.0268,-0.0275
91.350,-0.1790,-0.0005,0.0136,0.0293,0.00,-0.0269,-0.0266,-0.0272
91.450,-0.1820,-0.0005,0.0134,0.0293,0.00,-0.0266,-0.0263,-0.0269
91.550,-0.1849,-0.0005,0.0131,0.0293,0.00,-0.0263,-0.0260,-0.0266
91.650,-0.1878,-0.0005,0.0128,0.0293,0.00,-0.0260,-0.0257,-0.0263
91.750,-0.1907,-0.0005,0.0125,0.0293,0.00,-0.0256,-0.0253,-0.0259
91.850,-0.1937,-0.0005,0.0122,0.0293,0.00,-0.0253,-0.0250,-0.0256
91.950,-0.1966,-0.0005,0.0119,0.0293,0.00,-0.0249,-0.0246,-0.0252
92.050,-0.1995,-0.0005,0.0116,0.0293,0.00,-0.0245,-0.0243,-0.0248
92.150,-0.2024,-0.0005,0.0113,0.0293,0.00,-0.0242,-0.0239,-0.0244
92.250,-0.2054,-0.0005,0.0110,0.0293,0.00,-0.0238,-0.0235,-0.0240
92.350,-0.2083,-0.0005,0.0107,0.0293,0.00,-0.0234,-0.0231,-0.0236
92.450,-0.2112,-0.0005,0.0104,0.0293,0.00,-0.0230,-0.0227,-0.0232
92.550,-0.2141,-0.0005,0.0101,0.0293,0.00,-0.0226,-0.0223,-0.0228
92.650,-0.2171,-0.0005,0.0098,0.0293,0.00,-0.0221,-0.0219,-0.0224
92.750,-0.2200,-0.0005,0.0095,0.0293,0.00,-0.0217,-0.0215,-0.0219
92.850,-0.2229,-0.0005,0.0092,0.0293,0.00,-0.0213,-0.0211,-0.0215
92.950,-0.2258,-0.0005,0.0089,0.0293,0.00,-0.0208,-0.0207,-0.0210
93.050,-0.2288,-0.0005,0.0086,0.0293,0.00,-0.0204,-0.0202,-0.0206
93.150,-0.2317,-0.0005,0.0083,0.0293,0.00,-0.0200,-0.0198,-0.0201
93.250,-0.2346,-0.0004,0.0080,0.0293,0.00,-0.0195,-0.0193,-0.0197
93.350,-0.2376,-0.0004,0.0077,0.0293,0.00,-0.0190,-0.0189,-0.0192
93.450,-0.2405,-0.0004,0.0074,0.0293,0.00,-0.0186,-0.0184,-0.0187
93.550,-0.2434,-0.0004,0.0071,0.0293,0.00,-0.0181,-0.0180,-0.0183
93.650,-0.2463,-0.0004,0.0068,0.0293,0.00,-0.0177,-0.0175,-0.0178
93.750,-0.2493,-0.0004,0.0065,0.0293,0.00,-0.0172,-0.0171,-0.0173
93.850,-0.2522,-0.0004,0.0062,0.0293,0.00,-0.0167,-0.0166,-0.0169
93.950,-0.2551,-0.0004,0.0059,0.0293,0.00,-0.0163,-0.0161,-0.0164
94.050,-0.2580,-0.0004,0.0057,0.0293,0.00,-0.0158,-0.0157,-0.0159
94.150,-0.2610,-0.0004,0.0054,0.0293,0.00,-0.0153,-0.0152,-0.0154
94.250,-0.2639,-0.0004,0.0051,0.0293,0.00,-0.0149,-0.0148,-0.0150
94.350,-0.2668,-0.0004,0.0049,0.0293,0.00,-0.0144,-0.0143,-0.0145
94.450,-0.2697,-0.0004,0.0046,0.0293,0.00,-0.0139,-0.0138,-0.0140
94.550,-0.2727,-0.0004,0.0043,0.0293,0.00,-0.0135,-0.0134,-0.0136
94.650,-0.2756,-0.0003,0.0041,0.0293,0.00,-0.0130,-0.0129,-0.0131
94.750,-0.2785,-0.0003,0.0038,0.0293,0.00,-0.0126,-0.0125,-0.0126
94.850,-0.2814,-0.0003,0.0036,0.0293,0.00,-0.0121,-0.0121,-0.0122
94.950,-0.2844,-0.0003,0.0033,0.0293,0.00,-0.0117,-0.0116,-0.0117
95.050,-0.2873,-0.0003,0.0031,0.0293,0.00,-0.0112,-0.0112,-0.0113
95.150,-0.2902,-0.0003,0.0029,0.0293,0.00,-0.0108,-0.0107,-0.0108
95.250,-0.2932,-0.0003,0.0026,0.0292,0.00,-0.0104,-0.0103,-0.0104
95.350,-0.2961,-0.0003,0.0024,0.0292,0.00,-0.0099,-0.0099,-0.0100
95.450,-0.2990,-0.0003,0.0022,0.0292,0.00,-0.0095,-0.0095,-0.0095
95.550,-0.3019,-0.0003,0.0020,0.0292,0.00,-0.0091,-0.0090,-0.0091
95.650,-0.3048,-0.0003,0.0018,0.0292,0.00,-0.0086,-0.0086,-0.0087
95.750,-0.3078,-0.0003,0.0015,0.0292,0.00,-0.0082,-0.0082,-0.0083
95.850,-0.3107,-0.0002,0.0013,0.0292,0.00,-0.0078,-0.0078,-0.0078
95.950,-0.3136,-0.0002,0.0011,0.0292,0.00,-0.0074,-0.0074,-0.0074
96.050,-0.3165,-0.0002,0.0009,0.0292,0.00,-0.0070,-0.0070,-0.0070
96.150,-0.3195,-0.0002,0.0007,0.0292,0.00,-0.0066,-0.0066,-0.0066
96.250,-0.3224,-0.0002,0.0005,0.0292,0.00,-0.0062,-0.0062,-0.0062
96.350,-0.3253,-0.0002,0.0003,0.0292,0.00,-0.0058,-0.0058,-0.0058
96.450,-0.3282,-0.0002,0.0002,0.0292,0.00,-0.0054,-0.0054,-0.0054
96.550,-0.3312,-0.0002,-0.0000,0.0292,0.00,-0.0050,-0.0050,-0.0050
96.650,-0.3341,-0.0002,-0.0002,0.0292,0.00,-0.0046,-0.0046,-0.0046
96.750,-0.3370,-0.0002,-0.0004,0.0292,0.00,-0.0043,-0.0042,-0.0043
96.850,-0.3399,-0.0002,-0.0006,0.0292,0.00,-0.0039,-0.0039,-0.0039
96.950,-0.3429,-0.0002,-0.0007,0.0292,0.00,-0.0035,-0.0035,-0.0035
97.050,-0.3458,-0.0002,-0.0009,0.0292,0.00,-0.0031,-0.0031,-0.0031
97.150,-0.3487,-0.0001,-0.0011,0.0292,0.00,-0.0028,-0.0028,-0.0028
97.250,-0.3516,-0.0001,-0.0012,0.0292,0.00,-0.0024,-0.0024,-0.0024
97.350,-0.3546,-0.0001,-0.0014,0.0292,0.00,-0.0021,-0.0021,-0.0021
97.450,-0.3575,-0.0001,-0.0015,0.0292,0.00,-0.0017,-0.0017,-0.0017
97.550,-0.3604,-0.0001,-0.0017,0.0292,0.00,-0.0014,-0.0014,-0.0014
97.650,-0.3633,-0.0001,-0.0018,0.0292,0.00,-0.0010,-0.0010,-0.0010
97.750,-0.3663,-0.0001,-0.0020,0.0292,0.00,-0.0007,-0.0007,-0.0007
97.850,-0.3692,-0.0001,-0.0021,0.0292,0.00,-0.0004,-0.0004,-0.0004
97.950,-0.3721,-0.0001,-0.0023,0.0292,0.00,-0.0001,-0.0001,-0.0001
98.050,-0.3750,-0.0001,-0.0024,0.0292,0.00,0.0003,0.0003,0.0003
98.150,-0.3780,-0.0001,-0.0025,0.0292,0.00,0.0006,0.0006,0.0006
98.250,-0.3809,-0.0001,-0.0026,0.0292,0.00,0.0009,0.0009,0.0009
98.350,-0.3838,-0.0001,-0.0028,0.0292,0.00,0.0012,0.0012,0.0012
98.450,-0.3867,-0.0001,-0.0029,0.0292,0.00,0.0015,0.0015,0.0015
98.550,-0.3897,-0.0000,-0.0030,0.0292,0.00,0.0017,0.0017,0.0017
98.650,-0.3926,-0.0000,-0.0031,0.0292,0.00,0.0020,0.0020,0.0020
98.750,-0.3955,-0.0000,-0.0032,0.0292,0.00,0.0023,0.0023,0.0023
98.850,-0.3984,-0.0000,-0.0033,0.0292,0.00,0.0026,0.0026,0.0026
98.950,-0.4014,-0.0000,-0.0034,0.0292,0.00,0.0028,0.0028,0.0028
99.050,-0.4043,-0.0000,-0.0035,0.0292,0.00,0.0031,0.0031,0.0031
99.150,-0.4072,-0.0000,-0.0036,0.0292,0.00,0.0033,0.0033,0.0033
99.250,-0.4101,-0.0000,-0.0037,0.0292,0.00,0.0036,0.0036,0.0036
99.350,-0.4130,0.0000,-0.0038,0.0292,0.00,0.0038,0.0038,0.0038
99.450,-0.4160,0.0000,-0.0039,0.0292,0.00,0.0040,0.0040,0.0040
99.550,-0.4189,0.0000,-0.0039,0.0292,0.00,0.0042,0.0043,0.0042
99.650,-0.4218,0.0000,-0.0040,0.0292,0.00,0.0045,0.0045,0.0045
99.750,-0.4247,0.0000,-0.0041,0.0292,0.00,0.0047,0.0047,0.0047
99.850,-0.4277,0.0000,-0.0041,0.0292,0.00,0.0049,0.0049,0.0049
99.950,-0.4306,0.0000,-0.0042,0.0292,0.00,0.0051,0.0051,0.0051
100.050,-0.4335,0.0000,-0.0043,0.0292,0.00,0.0053,0.0053,0.0052
100.150,-0.4364,0.0000,-0.0043,0.0292,0.00,0.0054,0.0054,0.0054
100.250,-0.4394,0.0000,-0.0044,0.0292,0.00,0.0056,0.0056,0.0056
100.350,-0.4423,0.0001,-0.0044,0.0292,0.00,0.0058,0.0058,0.0058
100.450,-0.4452,0.0001,-0.0045,0.0292,0.00,0.0059,0.0060,0.0059
100.550,-0.4481,0.0001,-0.0045,0.0292,0.00,0.0061,0.0061,0.0061
100.650,-0.4511,0.0001,-0.0045,0.0292,0.00,0.0062,0.0063,0.0062
100.750,-0.4540,0.0001,-0.0046,0.0292,0.00,0.0064,0.0064,0.0064
100.850,-0.4569,0.0001,-0.0046,0.0292,0.00,0.0065,0.0066,0.0065
100.950,-0.4598,0.0001,-0.0046,0.0292,0.00,0.0067,0.0067,0.0066
101.050,-0.4628,0.0001,-0.0047,0.0292,0.00,0.0068,0.0068,0.0068
101.150,-0.4657,0.0001,-0.0047,0.0292,0.00,0.0069,0.0069,0.0069
101.250,-0.4686,0.0001,-0.0047,0.0292,0.00,0.0070,0.0070,0.0070
101.350,-0.4715,0.0001,-0.0047,0.0292,0.00,0.0071,0.0072,0.0071
101.450,-0.4745,0.0001,-0.0047,0.0292,0.00,0.0072,0.0073,0.0072
101.550,-0.4774,0.0001,-0.0047,0.0292,0.00,0.0073,0.0074,0.0073
101.650,-0.4803,0.0001,-0.0047,0.0292,0.00,0.0074,0.0074,0.0074
101.750,-0.4832,0.0001,-0.0048,0.0292,0.00,0.0075,0.0075,0.0075
101.850,-0.4862,0.0001,-0.0048,0.0292,0.00,0.0076,0.0076,0.0076
101.950,-0.4891,0.0001,-0.0048,0.0292,0.00,0.0077,0.0077,0.0076
102.050,-0.4920,0.0001,-0.0047,0.0292,0.00,0.0077,0.0078,0.0077
102.150,-0.4949,0.0001,-0.0047,0.0292,0.00,0.0078,0.0078,0.0078
102.250,-0.4979,0.0001,-0.0047,0.0292,0.00,0.0078,0.0079,0.0078
102.350,-0.5008,0.0001,-0.0047,0.0292,0.00,0.0079,0.0079,0.0079
102.450,-0.5037,0.0001,-0.0047,0.0292,0.00,0.0079,0.0080,0.0079
102.550,-0.5066,0.0001,-0.0047,0.0292,0.00,0.0080,0.0080,0.0080
102.650,-0.5096,0.0001,-0.0047,0.0292,0.00,0.0080,0.0081,0.0080
102.750,-0.5125,0.0001,-0.0047,0.0292,0.00,0.0081,0.0081,0.0080
102.850,-0.5154,0.0001,-0.0046,0.0293,0.00,0.0081,0.0081,0.0081
102.950,-0.5183,0.0001,-0.0046,0.0293,0.00,0.0081,0.0081,0.0081
103.050,-0.5213,0.0001,-0.0046,0.0293,0.00,0.0081,0.0082,0.0081
103.150,-0.5242,0.0001,-0.0046,0.0293,0.00,0.0081,0.0082,0.0081
103.250,-0.5271,0.0001,-0.0045,0.0293,0.00,0.0081,0.0082,0.0081
103.350,-0.5300,0.0001,-0.0045,0.0293,0.00,0.0081,0.0082,0.0081
103.450,-0.5330,0.0001,-0.0045,0.0293,0.00,0.0081,0.0082,0.0081
103.550,-0.5359,0.0001,-0.0044,0.0293,0.00,0.0081,0.0082,0.0081
103.650,-0.5388,0.0001,-0.0044,0.0293,0.00,0.0081,0.0082,0.0081
103.750,-0.5417,0.0001,-0.0044,0.0293,0.00,0.0081,0.0081,0.0081
103.850,-0.5447,0.0001,-0.0043,0.0293,0.00,0.0081,0.0081,0.0081
103.950,-0.5476,0.0001,-0.0043,0.0293,0.00,0.0081,0.0081,0.0080
104.050,-0.5505,0.0001,-0.0042,0.0293,0.00,0.0081,0.0081,0.0080
104.150,-0.5534,0.0001,-0.0042,0.0293,0.00,0.0080,0.0081,0.0080
104.250,-0.5564,0.0001,-0.0041,0.0293,0.00,0.0080,0.0080,0.0080
104.350,-0.5593,0.0001,-0.0041,0.0293,0.00,0.0080,0.0080,0.0079
104.450,-0.5622,0.0001,-0.0040,0.0293,0.00,0.0079,0.0079,0.0079
104.550,-0.5651,0.0001,-0.0040,0.0293,0.00,0.0079,0.0079,0.0078
104.650,-0.5681,0.0001,-0.0039,0.0293,0.00,0.0078,0.0079,0.0078
104.750,-0.5710,0.0001,-0.0039,0.0293,0.00,0.0078,0.0078,0.0077
104.850,-0.5739,0.0001,-0.0038,0.0293,0.00,0.0077,0.0077,0.0077
104.950,-0.5768,0.0001,-0.0038,0.0293,0.00,0.0077,0.0077,0.0076
105.050,-0.5798,0.0001,-0.0037,0.0293,0.00,0.0076,0.0076,0.0076
105.150,-0.5827,0.0001,-0.0037,0.0293,0.00,0.0075,0.0076,0.0075
105.250,-0.5856,0.0001,-0.0036,0.0293,0.00,0.0075,0.0075,0.0075
105.350,-0.5885,0.0001,-0.0036,0.0293,0.00,0.0074,0.0074,0.0074
105.450,-0.5915,0.0001,-0.0035,0.0293,0.00,0.0073,0.0074,0.0073
105.550,-0.5944,0.0001,-0.0034,0.0293,0.00,0.0073,0.0073,0.0072
105.650,-0.5973,0.0001,-0.0034,0.0293,0.00,0.0072,0.0072,0.0072
105.750,-0.6003,0.0001,-0.0033,0.0293,0.00,0.0071,0.0071,0.0071
105.850,-0.6032,0.0001,-0.0033,0.0293,0.00,0.0070,0.0071,0.0070
105.950,-0.6061,0.0001,-0.0032,0.0293,0.00,0.0070,0.0070,0.0069
106.050,-0.6090,0.0001,-0.0031,0.0293,0.00,0.0069,0.0069,0.0069
106.150,-0.6120,0.0001,-0.0031,0.0293,0.00,0.0068,0.0068,0.0068
106.250,-0.6149,0.0001,-0.0030,0.0293,0.00,0.0067,0.0067,0.0067
106.350,-0.6178,0.0001,-0.0030,0.0293,0.00,0.0066,0.0066,0.0066
106.450,-0.6207,0.0001,-0.0029,0.0293,0.00,0.0065,0.0065,0.0065
106.550,-0.6237,0.0001,-0.0028,0.0293,0.00,0.0064,0.0065,0.0064
106.650,-0.6266,0.0001,-0.0028,0.0293,0.00,0.0063,0.0064,0.0063
106.750,-0.6295,0.0001,-0.0027,0.0293,0.00,0.0062,0.0063,0.0062
106.850,-0.6324,0.0001,-0.0026,0.0293,0.00,0.0062,0.0062,0.0061
106.950,-0.6354,0.0001,-0.0026,0.0293,0.00,0.0061,0.0061,0.0060
107.050,-0.6383,0.0001,-0.0025,0.0293,0.00,0.0060,0.0060,0.0059
107.150,-0.6412,0.0001,-0.0024,0.0293,0.00,0.0059,0.0059,0.0058
107.250,-0.6441,0.0001,-0.0024,0.0293,0.00,0.0058,0.0058,0.0057
107.350,-0.6471,0.0001,-0.0023,0.0293,0.00,0.0057,0.0057,0.0056
107.450,-0.6500,0.0001,-0.0022,0.0293,0.00,0.0056,0.0056,0.0055
107.550,-0.6529,0.0001,-0.0022,0.0293,0.00,0.0055,0.0055,0.0054
107.650,-0.6559,0.0001,-0.0021,0.0293,0.00,0.0053,0.0054,0.0053
107.750,-0.6588,0.0001,-0.0021,0.0293,0.00,0.0052,0.0053,0.0052
107.850,-0.6617,0.0001,-0.0020,0.0293,0.00,0.0051,0.0052,0.0051
107.950,-0.6646,0.0001,-0.0019,0.0293,0.00,0.0050,0.0051,0.0050
108.050,-0.6676,0.0001,-0.0019,0.0293,0.00,0.0049,0.0049,0.0049
108.150,-0.6705,0.0001,-0.0018,0.0293,0.00,0.0048,0.0048,0.0048
108.250,-0.6734,0.0001,-0.0018,0.0293,0.00,0.0047,0.0047,0.0047
108.350,-0.6763,0.0001,-0.0017,0.0293,0.00,0.0046,0.0046,0.0046
108.450,-0.6793,0.0001,-0.0016,0.0293,0.00,0.0045,0.0045,0.0045
108.550,-0.6822,0.0001,-0.0016,0.0293,0.00,0.0044,0.0044,0.0044
108.650,-0.6851,0.0001,-0.0015,0.0293,0.00,0.0043,0.0043,0.0043
108.750,-0.6880,0.0001,-0.0014,0.0293,0.00,0.0042,0.0042,0.0042
108.850,-0.6910,0.0001,-0.0013,0.0293,0.00,0.0041,0.0041,0.0041
108.950,-0.6939,0.0001,-0.0013,0.0293,0.00,0.0040,0.0040,0.0040
109.050,-0.6968,0.0001,-0.0012,0.0293,0.00,0.0038,0.0039,0.0038
109.150,-0.6998,0.0001,-0.0011,0.0293,0.00,0.0037,0.0037,0.0037
109.250,-0.7027,0.0001,-0.0011,0.0293,0.00,0.0036,0.0036,0.0036
109.350,-0.7056,0.0001,-0.0010,0.0293,0.00,0.0035,0.0035,0.0035
109.450,-0.7085,0.0001,-0.0010,0.0293,0.00,0.0034,0.0034,0.0034
109.550,-0.7115,0.0001,-0.0009,0.0293,0.00,0.0033,0.0033,0.0033
109.650,-0.7144,0.0001,-0.0009,0.0293,0.00,0.0032,0.0032,0.0032
109.750,-0.7173,0.0001,-0.0008,0.0293,0.00,0.0031,0.0031,0.0031
109.850,-0.7203,0.0001,-0.0008,0.0293,0.00,0.0030,0.0030,0.0030
109.950,-0.7232,0.0001,-0.0007,0.0293,0.00,0.0029,0.0029,0.0029
110.050,-0.7261,0.0001,-0.0007,0.0293,0.00,0.0028,0.0028,0.0027
110.150,-0.7290,0.0001,-0.0006,0.0293,0.00,0.0026,0.0026,0.0026
110.250,-0.7320,0.0001,-0.0006,0.0293,0.00,0.0025,0.0025,0.0025
110.350,-0.7349,0.0001,-0.0005,0.0293,0.00,0.0024,0.0024,0.0024
110.450,-0.7378,0.0001,-0.0005,0.0293,0.00,0.0023,0.0023,0.0023
110.550,-0.7407,0.0001,-0.0004,0.0293,0.00,0.0022,0.0022,0.0022
110.650,-0.7437,0.0001,-0.0004,0.0293,0.00,0.0021,0.0021,0.0021
110.750,-0.7466,0.0001,-0.0003,0.0293,0.00,0.0020,0.0020,0.0020
110.850,-0.7495,0.0001,-0.0003,0.0293,0.00,0.0019,0.0019,0.0019
110.950,-0.7525,0.0001,-0.0002,0.0293,0.00,0.0018,0.0018,0.0018
111.050,-0.7554,0.0001,-0.0002,0.0293,0.00,0.0017,0.0017,0.0017
111.150,-0.7583,0.0001,-0.0001,0.0293,0.00,0.0016,0.0016,0.0016
111.250,-0.7612,0.0001,-0.0001,0.0293,0.00,0.0015,0.0015,0.0015
111.350,-0.7642,0.0001,-0.0000,0.0293,0.00,0.0014,0.0014,0.0014
111.450,-0.7671,0.0001,0.0000,0.0293,0.00,0.0013,0.0013,0.0013
111.550,-0.7700,0.0000,0.0000,0.0293,0.00,0.0012,0.0012,0.0012
111.650,-0.7730,0.0000,0.0001,0.0293,0.00,0.0011,0.0011,0.0011
111.750,-0.7759,0.0000,0.0001,0.0293,0.00,0.0010,0.0010,0.0010
111.850,-0.7788,0.0000,0.0002,0.0293,0.00,0.0009,0.0009,0.0009
111.950,-0.7817,0.0000,0.0002,0.0293,0.00,0.0009,0.0009,0.0009
112.050,-0.7847,0.0000,0.0003,0.0293,0.00,0.0008,0.0008,0.0008
112.150,-0.7876,0.0000,0.0003,0.0293,0.00,0.0007,0.0007,0.0007
112.250,-0.7905,0.0000,0.0004,0.0293,0.00,0.0006,0.0006,0.0006
112.350,-0.7934,0.0000,0.0004,0.0293,0.00,0.0005,0.0005,0.0005
112.450,-0.7964,0.0000,0.0004,0.0293,0.00,0.0004,0.0004,0.0004
112.550,-0.7993,0.0000,0.0005,0.0293,0.00,0.0003,0.0003,0.0003
112.650,-0.8022,0.0000,0.0005,0.0293,0.00,0.0002,0.0002,0.0002
112.750,-0.8052,0.0000,0.0006,0.0293,0.00,0.0001,0.0001,0.0001
112.850,-0.8081,0.0000,0.0006,0.0293,0.00,0.0000,0.0000,0.0000
112.950,-0.8110,0.0000,0.0006,0.0293,0.00,-0.0000,-0.0000,-0.0000
113.050,-0.8139,0.0000,0.0006,0.0293,0.00,-0.0001,-0.0001,-0.0001
113.150,-0.8169,0.0000,0.0006,0.0293,0.00,-0.0001,-0.0001,-0.0001
113.250,-0.8198,0.0000,0.0006,0.0293,0.00,-0.0002,-0.0002,-0.0002
113.350,-0.8227,0.0000,0.0006,0.0293,0.00,-0.0002,-0.0002,-0.0002
113.450,-0.8257,0.0000,0.0006,0.0293,0.00,-0.0002,-0.0002,-0.0002
113.550,-0.8286,0.0000,0.0006,0.0293,0.00,-0.0003,-0.0003,-0.0003
113.650,-0.8315,0.0000,0.0006,0.0293,0.00,-0.0003,-0.0003,-0.0003
113.750,-0.8344,0.0000,0.0006,0.0293,0.00,-0.0003,-0.0003,-0.0003
113.850,-0.8374,0.0000,0.0006,0.0293,0.00,-0.0003,-0.0003,-0.0003
113.950,-0.8403,0.0000,0.0006,0.0293,0.00,-0.0004,-0.0004,-0.0004
114.050,-0.8432,0.0000,0.0006,0.0293,0.00,-0.0004,-0.0004,-0.0004
114.150,-0.8462,0.0000,0.0006,0.0293,0.00,-0.0004,-0.0004,-0.0004
114.250,-0.8491,0.0000,0.0007,0.0293,0.00,-0.0004,-0.0004,-0.0004
114.350,-0.8520,0.0000,0.0006,0.0293,0.00,-0.0005,-0.0005,-0.0005
114.450,-0.8549,0.0000,0.0006,0.0293,0.00,-0.0005,-0.0005,-0.0005
114.550,-0.8579,0.0000,0.0006,0.0293,0.00,-0.0005,-0.0005,-0.0005
114.650,-0.8608,0.0000,0.0006,0.0293,0.00,-0.0005,-0.0005,-0.0005
114.750,-0.8637,0.0000,0.0006,0.0293,0.00,-0.0005,-0.0005,-0.0005
114.850,-0.8666,0.0000,0.0006,0.0293,0.00,-0.0006,-0.0006,-0.0006
114.950,-0.8696,0.0000,0.0006,0.0293,0.00,-0.0006,-0.0006,-0.0006
115.050,-0.8725,0.0000,0.0006,0.0293,0.00,-0.0006,-0.0006,-0.0006
115.150,-0.8754,0.0000,0.0006,0.0293,0.00,-0.0006,-0.0006,-0.0006
115.250,-0.8784,0.0000,0.0006,0.0293,0.00,-0.0006,-0.0006,-0.0006
115.350,-0.8813,-0.0000,0.0006,0.0293,0.00,-0.0006,-0.0006,-0.0006
115.450,-0.8842,-0.0000,0.0006,0.0293,0.00,-0.0006,-0.0006,-0.0006
115.550,-0.8871,-0.0000,0.0006,0.0293,0.00,-0.0006,-0.0006,-0.0006
115.650,-0.8901,-0.0000,0.0006,0.0293,0.00,-0.0006,-0.0006,-0.0006
115.750,-0.8930,-0.0000,0.0006,0.0293,0.00,-0.0007,-0.0007,-0.0007
115.850,-0.8959,-0.0000,0.0006,0.0293,0.00,-0.0007,-0.0007,-0.0007
115.950,-0.8989,-0.0000,0.0006,0.0293,0.00,-0.0007,-0.0007,-0.0007
116.050,-0.9018,-0.0000,0.0006,0.0293,0.00,-0.0007,-0.0007,-0.0007
116.150,-0.9047,-0.0000,0.0005,0.0293,0.00,-0.0007,-0.0007,-0.0007
116.250,-0.9076,-0.0000,0.0005,0.0293,0.00,-0.0007,-0.0007,-0.0007
116.350,-0.9106,-0.0000,0.0005,0.0293,0.00,-0.0007,-0.0007,-0.0007
116.450,-0.9135,-0.0000,0.0005,0.0293,0.00,-0.0007,-0.0007,-0.0007
116.550,-0.9164,-0.0000,0.0005,0.0293,0.00,-0.0007,-0.0007,-0.0007
116.650,-0.9194,-0.0000,0.0005,0.0293,0.00,-0.0007,-0.0007,-0.0007
116.750,-0.9223,-0.0000,0.0005,0.0293,0.00,-0.0007,-0.0007,-0.0007
116.850,-0.9252,-0.0000,0.0005,0.0293,0.00,-0.0006,-0.0006,-0.0006
116.950,-0.9281,-0.0000,0.0005,0.0293,0.00,-0.0006,-0.0006,-0.0006
117.050,-0.9311,-0.0000,0.0005,0.0293,0.00,-0.0006,-0.0006,-0.0006
117.150,-0.9340,-0.0000,0.0004,0.0293,0.00,-0.0006,-0.0006,-0.0006
117.250,-0.9369,-0.0000,0.0004,0.0293,0.00,-0.0006,-0.0006,-0.0006
117.350,-0.9398,-0.0000,0.0004,0.0293,0.00,-0.0006,-0.0006,-0.0006
117.450,-0.9428,-0.0000,0.0004,0.0293,0.00,-0.0006,-0.0006,-0.0006
117.550,-0.9457,-0.0000,0.0004,0.0293,0.00,-0.0006,-0.0006,-0.0006
117.650,-0.9486,-0.0000,0.0004,0.0293,0.00,-0.0006,-0.0006,-0.0006
117.750,-0.9516,-0.0000,0.0004,0.0293,0.00,-0.0006,-0.0006,-0.0006
117.850,-0.9545,-0.0000,0.0004,0.0293,0.00,-0.0006,-0.0006,-0.0006
117.950,-0.9574,-0.0000,0.0004,0.0293,0.00,-0.0006,-0.0005,-0.0006
118.050,-0.9603,-0.0000,0.0003,0.0293,0.00,-0.0005,-0.0005,-0.0005
118.150,-0.9633,-0.0000,0.0003,0.0293,0.00,-0.0005,-0.0005,-0.0005
118.250,-0.9662,-0.0000,0.0003,0.0293,0.00,-0.0005,-0.0005,-0.0005
118.350,-0.9691,-0.0000,0.0003,0.0293,0.00,-0.0005,-0.0005,-0.0005
118.450,-0.9720,-0.0000,0.0003,0.0293,0.00,-0.0005,-0.0005,-0.0005
118.550,-0.9750,-0.0000,0.0003,0.0293,0.00,-0.0005,-0.0005,-0.0005
118.650,-0.9779,-0.0000,0.0003,0.0293,0.00,-0.0004,-0.0004,-0.0004
118.750,-0.9808,-0.0000,0.0003,0.0293,0.00,-0.0004,-0.0004,-0.0004
118.850,-0.9838,-0.0000,0.0002,0.0293,0.00,-0.0004,-0.0004,-0.0004
118.950,-0.9867,-0.0000,0.0002,0.0293,0.00,-0.0004,-0.0004,-0.0004
119.050,-0.9896,-0.0000,0.0002,0.0293,0.00,-0.0004,-0.0004,-0.0004
119.150,-0.9925,-0.0000,0.0002,0.0293,0.00,-0.0004,-0.0004,-0.0004
119.250,-0.9955,-0.0000,0.0002,0.0293,0.00,-0.0003,-0.0003,-0.0003
119.350,-0.9984,-0.0000,0.0002,0.0293,0.00,-0.0003,-0.0003,-0.0003
119.450,-1.0013,-0.0000,0.0002,0.0293,0.00,-0.0003,-0.0003,-0.0003
119.550,-1.0043,-0.0000,0.0002,0.0293,0.00,-0.0003,-0.0003,-0.0003
119.650,-1.0072,-0.0000,0.0002,0.0293,0.00,-0.0003,-0.0003,-0.0003
119.750,-1.0101,-0.0000,0.0002,0.0293,0.00,-0.0003,-0.0003,-0.0003
119.850,-1.0130,-0.0000,0.0002,0.0293,0.00,-0.0003,-0.0003,-0.0003
119.950,-1.0160,-0.0000,0.0002,0.0293,0.00,-0.0003,-0.0003,-0.0003
